"id","start_date","end_date","team_id","jersey_number","position"
"1","2023-11-01","2024-06-01","1","20","F"
"1","2024-11-01","2025-06-01","1","20","F"
"2","2023-11-01","2024-06-01","1","2","D"
"2","2024-11-01","2025-06-01","1","2","D"
"3","2023-11-01","2024-06-01","5","24","D"
"4","2023-11-01","2024-06-01","1","27","F"
"4","2024-11-01","2025-06-01","5","27","F"
"5","2023-11-01","2024-06-01","1","22","D"
"5","2024-11-01","2025-06-01","1","22","D"
"6","2023-11-01","2024-06-01","1","31","G"
"6","2024-11-01","2025-06-01","1","31","G"
"7","2023-11-01","2024-06-01","1","13","D"
"8","2023-11-01","2024-06-01","1","36","F"
"8","2024-11-01","2025-06-01","1","36","F"
"9","2023-11-01","2024-06-01","1","17","F"
"9","2024-11-01","2025-06-01","1","17","F"
"10","2023-11-01","2024-06-01","1","97","D"
"11","2023-11-01","2024-06-01","2","16","D"
"11","2024-11-01","2025-06-01","2","16","D"
"12","2023-11-01","2024-06-01","1","5","D"
"12","2024-11-01","2025-06-01","1","5","D"
"13","2023-11-01","2024-06-01","1","21","F"
"13","2024-11-01","2025-06-01","1","21","F"
"14","2023-11-01","2024-06-01","1","77","F"
"15","2023-11-01","2024-06-01","1","11","F"
"15","2024-11-01","2025-06-01","1","11","F"
"16","2023-11-01","2024-06-01","1","47","F"
"16","2024-11-01","2025-06-01","1","47","F"
"17","2023-11-01","2024-06-01","1","37","F"
"17","2024-11-01","2025-06-01","1","37","F"
"17","2025-11-01","2026-03-16","1","17","F"
"18","2023-11-01","2024-06-01","1","9","F"
"18","2024-11-01","2025-06-01","1","9","F"
"19","2023-11-01","2024-06-01","1","30","G"
"19","2024-11-01","2025-06-01","1","30","G"
"20","2023-11-01","2024-06-01","2","26","F"
"20","2024-11-01","2025-06-01","2","26","F"
"21","2023-11-01","2024-06-01","2","27","F"
"21","2024-11-01","2025-06-01","2","27","F"
"22","2023-11-01","2024-06-01","2","29","G"
"22","2024-11-01","2025-06-01","2","29","G"
"23","2023-11-01","2024-06-01","2","12","F"
"23","2024-11-01","2025-06-01","2","12","F"
"24","2023-11-01","2024-06-01","2","2","D"
"24","2024-11-01","2025-06-01","2","2","D"
"25","2023-11-01","2024-06-01","2","13","F"
"25","2024-11-01","2025-06-01","2","13","F"
"26","2023-11-01","2024-06-01","3","42","F"
"26","2024-11-01","2025-06-01","3","42","F"
"27","2023-11-01","2024-06-01","3","14","F"
"27","2024-11-01","2025-06-01","1","14","F"
"28","2023-11-01","2024-06-01","3","35","G"
"28","2024-11-01","2025-06-01","3","35","G"
"29","2023-11-01","2024-06-01","3","22","F"
"29","2024-11-01","2025-06-01","3","22","F"
"30","2023-11-01","2024-06-01","3","43","F"
"30","2024-11-01","2025-06-01","3","43","F"
"31","2023-11-01","2024-06-01","3","29","F"
"31","2024-11-01","2025-06-01","3","29","F"
"32","2023-11-01","2024-06-01","3","7","F"
"32","2024-11-01","2025-06-01","3","7","F"
"33","2023-11-01","2024-06-01","4","12","F"
"33","2024-11-01","2025-06-01","4","12","F"
"34","2023-11-01","2024-06-01","4","25","F"
"34","2024-11-01","2025-06-01","4","25","F"
"35","2023-11-01","2024-06-01","4","27","F"
"35","2024-11-01","2025-06-01","4","27","F"
"36","2023-11-01","2024-06-01","4","9","F"
"36","2024-11-01","2025-06-01","4","9","F"
"36","2026-11-01","2026-03-16","5","9","F"
"37","2023-11-01","2024-06-01","4","18","F"
"37","2024-11-01","2025-06-01","4","18","F"
"38","2023-11-01","2024-06-01","4","6","D"
"38","2024-11-01","2025-06-01","4","6","D"
"39","2023-11-01","2024-06-01","4","13","F"
"39","2024-11-01","2025-06-01","3","13","F"
"40","2023-11-01","2024-06-01","4","19","F"
"40","2024-11-01","2025-06-01","4","19","F"
"41","2023-11-01","2024-06-01","4","39","G"
"41","2024-11-01","2025-06-01","4","39","G"
"42","2023-11-01","2024-06-01","4","11","F"
"42","2024-11-01","2025-06-01","4","11","F"
"44","2023-11-01","2024-06-01","4","17","D"
"44","2024-11-01","2025-06-01","4","17","D"
"45","2023-11-01","2024-06-01","4","10","F"
"45","2024-11-01","2025-06-01","4","81","F"
"46","2023-11-01","2024-06-01","4","3","D"
"46","2024-11-01","2025-06-01","1","3","D"
"47","2023-11-01","2024-06-01","4","28","D"
"47","2024-11-01","2025-06-01","4","28","D"
"48","2023-11-01","2024-06-01","5","30","G"
"48","2024-11-01","2025-06-01","3","30","G"
"49","2023-11-01","2024-06-01","5","88","F"
"49","2024-11-01","2025-06-01","1","88","F"
"50","2023-11-01","2024-06-01","5","21","D"
"50","2024-11-01","2025-06-01","5","21","D"
"51","2023-11-01","2024-06-01","3","44","D"
"51","2024-11-01","2025-06-01","3","44","D"
"52","2023-11-01","2024-06-01","5","3","D"
"52","2024-11-01","2025-06-01","5","3","D"
"53","2023-11-01","2024-06-01","5","26","F"
"53","2024-11-01","2025-06-01","5","26","F"
"54","2023-11-01","2024-06-01","5","25","F"
"55","2023-11-01","2024-06-01","5","10","F"
"56","2023-11-01","2024-06-01","5","15","D"
"56","2024-11-01","2025-06-01","6","15","D"
"57","2023-11-01","2024-06-01","5","17","F"
"57","2024-11-01","2025-06-01","5","17","F"
"58","2023-11-01","2024-06-01","5","19","F"
"58","2024-11-01","2025-06-01","5","19","F"
"59","2023-11-01","2024-06-01","5","38","G"
"59","2024-11-01","2025-06-01","5","38","G"
"60","2023-11-01","2024-06-01","5","33","D"
"60","2024-11-01","2025-06-01","5","71","D"
"60","2025-11-01","2026-03-30","5","71","D"
"61","2023-11-01","2024-06-01","5","14","F"
"61","2024-11-01","2025-06-01","6","16","F"
"62","2023-11-01","2024-06-01","5","2","D"
"62","2024-11-01","2025-06-01","5","2","D"
"63","2023-11-01","2024-06-01","5","9","F"
"63","2024-11-01","2025-06-01","6","9","F"
"64","2023-11-01","2024-06-01","6","50","G"
"64","2024-11-01","2025-06-01","6","50","G"
"65","2023-11-01","2024-06-01","6","18","F"
"65","2024-11-01","2025-06-01","6","18","F"
"66","2023-11-01","2024-06-01","6","22","F"
"66","2024-11-01","2025-06-01","6","22","F"
"67","2023-11-01","2024-06-01","6","14","D"
"67","2024-11-01","2025-06-01","6","14","D"
"68","2023-11-01","2024-06-01","6","6","D"
"68","2024-11-01","2025-06-01","6","6","D"
"69","2023-11-01","2024-06-01","6","41","F"
"70","2023-11-01","2024-06-01","6","37","G"
"71","2023-11-01","2024-06-01","6","3","D"
"71","2024-11-01","2025-06-01","5","23","D"
"72","2023-11-01","2024-06-01","6","19","F"
"72","2024-11-01","2025-06-01","5","37","F"
"73","2023-11-01","2024-06-01","6","27","F"
"73","2024-11-01","2025-06-01","6","27","F"
"74","2023-11-01","2024-06-01","6","12","D"
"74","2024-11-01","2025-06-01","6","12","D"
"75","2023-11-01","2024-06-01","6","20","F"
"75","2024-11-01","2025-06-01","6","20","F"
"76","2023-11-01","2024-06-01","6","40","F"
"76","2024-11-01","2025-06-01","6","40","F"
"78","2023-11-01","2024-06-01","1","88","F"
"78","2024-11-01","2025-06-01","1","77","F"
"79","2023-11-01","2024-06-01","2","19","D"
"79","2024-11-01","2025-06-01","2","19","D"
"80","2023-11-01","2024-06-01","3","24","F"
"81","2023-11-01","2024-06-01","3","26","F"
"81","2024-11-01","2025-06-01","3","16","F"
"82","2023-11-01","2024-06-01","3","96","D"
"82","2024-11-01","2025-06-01","3","96","D"
"83","2023-11-01","2024-06-01","3","23","D"
"83","2024-11-01","2025-06-01","3","23","D"
"84","2023-11-01","2024-06-01","3","9","D"
"84","2024-11-01","2025-06-01","3","9","D"
"85","2023-11-01","2024-06-01","3","20","G"
"85","2024-11-01","2025-06-01","3","20","G"
"86","2023-11-01","2024-06-01","4","67","F"
"86","2024-11-01","2025-06-01","6","67","F"
"87","2023-11-01","2024-06-01","4","14","D"
"87","2024-11-01","2025-06-01","4","14","D"
"88","2023-11-01","2024-06-01","5","16","F"
"88","2024-11-01","2025-06-01","5","16","F"
"89","2023-11-01","2024-06-01","6","34","F"
"89","2024-11-01","2025-06-01","6","34","F"
"90","2023-11-01","2024-06-01","2","22","D"
"90","2024-11-01","2025-06-01","2","22","D"
"91","2023-11-01","2024-06-01","2","17","F"
"91","2024-11-01","2025-06-01","2","17","F"
"92","2023-11-01","2024-06-01","2","10","F"
"92","2024-11-01","2025-06-01","2","10","F"
"97","2023-11-01","2024-06-01","2","21","F"
"97","2024-11-01","2025-06-01","2","21","F"
"98","2023-11-01","2024-06-01","3","15","F"
"98","2024-11-01","2025-06-01","3","21","F"
"99","2023-11-01","2024-06-01","3","2","D"
"99","2024-11-01","2025-06-01","3","2","D"
"100","2023-11-01","2024-06-01","6","24","F"
"100","2024-11-01","2025-06-01","6","24","F"
"101","2023-11-01","2024-06-01","6","10","F"
"101","2024-11-01","2025-06-01","5","10","F"
"102","2023-11-01","2024-06-01","2","7","F"
"102","2024-11-01","2025-06-01","2","7","F"
"103","2023-11-01","2024-06-01","2","11","F"
"104","2023-11-01","2024-06-01","2","41","F"
"104","2024-11-01","2025-06-01","2","41","F"
"104","2025-11-01","2026-03-30","1","41","F"
"105","2023-11-01","2024-06-01","2","18","F"
"106","2023-11-01","2024-06-01","1","7","F"
"107","2024-01-01","2024-06-01","1","26","F"
"108","2023-11-01","2024-06-01","1","55","F"
"108","2024-11-01","2025-06-01","5","5","D"
"109","2023-11-01","2024-06-01","1","19","F"
"110","2023-11-01","2024-06-01","1","16","F"
"110","2024-11-01","2025-06-01","1","16","F"
"111","2023-11-01","2024-06-01","1","12","F"
"112","2023-11-01","2023-12-31","1","24","D"
"113","2023-11-01","2024-06-01","1","35","G"
"113","2024-11-01","2025-06-01","1","35","G"
"114","2023-11-01","2024-06-01","2","24","F"
"114","2024-11-01","2025-06-01","3","24","F"
"115","2023-11-01","2024-06-01","2","86","F"
"115","2024-11-01","2025-06-01","2","86","F"
"115","2025-11-01","2026-01-18","9","86","F"
"116","2023-11-01","2024-06-01","2","14","F"
"116","2024-11-01","2025-06-01","3","26","F"
"117","2023-11-01","2024-06-01","1","18","D"
"118","2023-11-01","2024-06-01","2","25","D"
"118","2024-11-01","2025-06-01","1","25","D"
"118","2025-11-01","2026-01-18","9","25","D"
"119","2023-11-01","2024-06-01","2","36","D"
"120","2023-11-01","2024-06-01","2","5","D"
"121","2023-11-01","2024-06-01","2","33","G"
"121","2024-11-01","2025-06-01","2","33","G"
"122","2023-11-01","2024-06-01","2","28","G"
"123","2023-11-01","2024-06-01","2","35","G"
"123","2024-11-01","2025-06-01","2","35","G"
"125","2023-11-01","2024-06-01","6","51","F"
"125","2024-11-01","2025-06-01","5","12","F"
"126","2023-11-01","2024-06-01","6","17","F"
"126","2024-11-01","2025-06-01","6","17","F"
"127","2023-11-01","2024-06-01","6","23","F"
"128","2023-11-01","2024-06-01","6","28","F"
"128","2024-11-01","2025-06-01","3","19","F"
"129","2024-01-01","2024-06-01","2","23","D"
"129","2024-11-01","2025-06-01","2","23","D"
"130","2023-11-01","2024-06-01","6","21","D"
"131","2023-11-01","2024-06-01","6","7","D"
"131","2024-11-01","2025-06-01","4","7","D"
"132","2023-11-01","2024-06-01","6","55","D"
"132","2024-11-01","2025-06-01","6","2","D"
"133","2023-11-01","2024-06-01","6","5","D"
"134","2023-11-01","2024-06-01","6","70","G"
"134","2024-11-01","2025-06-01","6","70","G"
"135","2023-11-01","2024-12-31","6","43","G"
"136","2023-11-01","2024-06-01","5","81","F"
"137","2023-11-01","2024-06-01","5","94","F"
"138","2023-11-01","2024-06-01","3","18","F"
"138","2024-11-01","2025-06-01","3","18","F"
"140","2023-11-01","2024-06-01","5","18","F"
"141","2023-11-01","2024-06-01","5","11","F"
"142","2023-11-01","2024-06-01","5","8","F"
"142","2024-11-01","2025-06-01","5","8","F"
"143","2023-11-01","2024-06-01","5","20","D"
"144","2023-11-01","2024-06-01","5","5","D"
"145","2023-11-01","2024-06-01","5","34","G"
"146","2023-11-01","2024-06-01","4","16","F"
"146","2024-11-01","2025-06-01","4","16","F"
"147","2023-11-01","2024-06-01","4","71","F"
"147","2024-11-01","2025-06-01","4","71","F"
"148","2023-11-01","2024-06-01","4","23","F"
"148","2024-11-01","2025-06-01","4","23","F"
"149","2023-11-01","2024-06-01","4","44","F"
"149","2024-11-01","2025-06-01","1","44","F"
"150","2023-11-01","2024-06-01","4","4","D"
"150","2024-11-01","2025-06-01","4","4","D"
"151","2023-11-01","2024-12-31","4","5","D"
"152","2023-11-01","2024-06-01","4","59","D"
"153","2023-11-01","2024-06-01","4","74","D"
"154","2023-11-01","2024-06-01","4","33","G"
"155","2023-11-01","2024-06-01","4","30","G"
"155","2024-11-01","2025-06-01","4","30","G"
"156","2023-11-01","2024-06-01","3","8","F"
"156","2024-11-01","2025-06-01","3","8","F"
"157","2023-11-01","2024-06-01","3","28","F"
"157","2024-11-01","2025-06-01","3","28","F"
"158","2023-11-01","2024-06-01","3","16","F"
"159","2023-11-01","2024-06-01","3","12","F"
"160","2023-11-01","2024-06-01","3","17","F"
"161","2023-11-01","2024-06-01","3","21","F"
"161","2024-11-01","2025-06-01","5","13","F"
"162","2023-11-01","2024-06-01","3","6","D"
"162","2024-11-01","2025-06-01","4","6","D"
"163","2023-11-01","2024-06-01","3","4","D"
"163","2024-11-01","2025-06-01","3","4","D"
"164","2023-11-01","2024-06-01","3","10","D"
"165","2023-01-01","2024-06-01","6","76","D"
"165","2024-11-01","2025-06-01","1","76","D"
"166","2023-11-01","2024-06-01","3","1","G"
"166","2024-11-01","2025-06-01","3","1","G"
"167","2023-11-01","2024-06-01","1","7","D"
"167","2024-11-01","2025-06-01","1","7","D"
"168","2023-11-01","2024-06-01","3","25","F"
"169","2023-11-01","2024-06-01","4","42","D"
"169","2024-11-01","2025-06-01","2","42","D"
"175","2023-11-01","2024-06-01","1","55","F"
"175","2024-11-01","2025-06-01","1","8","F"
"176","2023-11-01","2024-06-01","1","14","F"
"177","2023-11-01","2023-12-31","3","3","F"
"178","2023-11-01","2024-06-01","5","95","F"
"180","2024-11-01","2025-06-01","1","15","D"
"181","2024-11-01","2025-06-01","1","19","F"
"182","2024-11-01","2025-06-01","1","6","D"
"183","2024-11-01","2025-06-01","1","27","F"
"184","2024-11-01","2025-06-01","1","18","F"
"185","2024-11-01","2025-06-01","1","55","D"
"186","2024-11-01","2025-06-01","1","29","G"
"187","2024-11-01","2025-06-01","2","8","D"
"188","2024-11-01","2025-06-01","2","9","D"
"189","2024-11-01","2025-06-01","2","77","F"
"190","2024-11-01","2025-06-01","2","71","F"
"191","2024-11-01","2025-06-01","2","6","F"
"192","2024-11-01","2025-06-01","2","3","F"
"192","2025-11-01","2026-01-18","9","26","F"
"193","2024-11-01","2025-06-01","2","32","G"
"194","2024-11-01","2025-06-01","2","11","F"
"195","2024-11-01","2025-06-01","2","14","F"
"196","2024-11-01","2025-06-01","3","3","D"
"197","2024-11-01","2025-06-01","3","33","G"
"198","2024-11-01","2025-06-01","3","12","F"
"199","2024-11-01","2025-06-01","3","17","F"
"200","2024-11-01","2025-06-01","6","71","D"
"201","2024-11-01","2025-06-01","3","25","F"
"202","2024-11-01","2025-06-01","3","51","D"
"203","2024-11-01","2025-06-01","3","5","D"
"204","2024-11-01","2025-06-01","4","29","F"
"205","2024-11-01","2025-06-01","4","10","F"
"206","2024-11-01","2025-06-01","4","13","F"
"207","2024-11-01","2025-06-01","4","16","D"
"208","2024-11-01","2025-06-01","6","23","D"
"209","2024-11-01","2025-06-01","6","8","F"
"210","2024-11-01","2025-06-01","6","88","F"
"211","2024-11-01","2025-06-01","6","1","G"
"212","2024-11-01","2025-06-01","6","25","F"
"213","2024-11-01","2025-06-01","6","13","F"
"214","2024-11-01","2025-06-01","6","61","F"
"215","2024-11-01","2025-06-01","5","9","D"
"216","2024-11-01","2025-06-01","5","35","G"
"217","2024-11-01","2025-06-01","5","22","F"
"218","2024-11-01","2025-06-01","5","40","G"
"219","2024-11-01","2025-06-01","5","6","D"
"220","2024-11-01","2025-06-01","5","18","F"
"220","2025-11-01","2026-01-18","5","18","F"
"221","2024-11-01","2025-06-01","5","94","F"
"221","2025-11-01","2026-01-18","5","94","F"
"222","2024-11-01","2025-06-01","5","33","G"
"223","2024-11-01","2025-06-01","5","88","D"
"224","2024-11-01","2025-06-01","5","92","F"
"225","2024-11-01","2025-06-01","5","44","F"
"226","2024-11-01","2025-06-01","5","4","D"
"227","2024-11-01","2025-06-01","4","15","F"
"228","2024-11-01","2025-06-01","4","82","G"
"229","2024-11-01","2025-06-01","4","8","D"
"230","2024-11-01","2025-06-01","4","20","D"
"231","2024-11-01","2025-06-01","4","40","F"
"232","2024-11-01","2025-06-01","6","55","D"
"234","2024-11-01","2025-06-01","6","35","G"
"239","2025-11-01","2026-01-18","5","97","F"
