"goal_id","player_id","primary_secondary"
"184","1","1"
"308","1","2"
"359","1","1"
"403","1","2"
"405","1","2"
"435","1","1"
"527","1","2"
"639","1","1"
"668","1","1"
"672","1","2"
"727","1","1"
"742","1","1"
"779","1","2"
"854","1","2"
"1098","1","2"
"1484","1","1"
"1531","1","2"
"60","2","2"
"130","2","2"
"135","2","2"
"334","2","2"
"444","2","1"
"447","2","1"
"527","2","1"
"792","2","2"
"854","2","1"
"1065","2","2"
"1296","2","2"
"1581","2","2"
"1606","2","2"
"160","4","1"
"736","4","1"
"738","4","1"
"739","4","1"
"853","4","2"
"877","4","1"
"905","4","1"
"919","4","1"
"920","4","2"
"942","4","1"
"1263","4","1"
"1345","4","2"
"1476","4","1"
"1499","4","2"
"159","5","2"
"313","5","2"
"409","5","1"
"638","5","1"
"681","5","2"
"767","5","2"
"931","5","2"
"1153","5","2"
"1499","5","1"
"1674","5","1"
"220","7","2"
"62","8","2"
"128","8","2"
"162","8","1"
"211","8","2"
"926","8","2"
"1402","8","2"
"193","9","2"
"282","9","1"
"710","9","2"
"887","9","2"
"1197","9","1"
"217","10","2"
"343","10","1"
"5","11","1"
"197","11","2"
"264","11","2"
"299","11","1"
"303","11","1"
"330","11","1"
"339","11","2"
"340","11","1"
"341","11","2"
"437","11","2"
"438","11","2"
"442","11","2"
"467","11","2"
"513","11","2"
"529","11","2"
"540","11","2"
"647","11","1"
"661","11","1"
"684","11","1"
"685","11","1"
"721","11","1"
"753","11","1"
"754","11","2"
"771","11","1"
"829","11","1"
"843","11","1"
"859","11","1"
"953","11","2"
"973","11","1"
"983","11","2"
"997","11","1"
"998","11","2"
"1010","11","2"
"1116","11","2"
"1118","11","1"
"1306","11","1"
"1398","11","2"
"1482","11","1"
"1507","11","1"
"1512","11","1"
"1577","11","1"
"1584","11","2"
"1585","11","2"
"1592","11","2"
"1617","11","1"
"147","12","1"
"167","12","1"
"191","12","2"
"193","12","1"
"211","12","1"
"213","12","1"
"220","12","1"
"308","12","1"
"336","12","2"
"352","12","2"
"374","12","1"
"423","12","2"
"435","12","2"
"444","12","2"
"447","12","2"
"502","12","1"
"587","12","1"
"599","12","2"
"608","12","1"
"620","12","1"
"621","12","1"
"708","12","1"
"924","12","1"
"1098","12","1"
"1127","12","1"
"1135","12","2"
"1144","12","2"
"1182","12","1"
"1266","12","2"
"1360","12","1"
"1419","12","2"
"1423","12","1"
"1451","12","1"
"1460","12","1"
"1566","12","1"
"1596","12","2"
"62","13","1"
"162","13","2"
"213","13","2"
"334","13","1"
"375","13","1"
"405","13","1"
"546","13","1"
"554","13","1"
"611","13","2"
"627","13","1"
"683","13","2"
"708","13","2"
"726","13","1"
"765","13","1"
"794","13","1"
"816","13","1"
"852","13","1"
"856","13","1"
"866","13","1"
"932","13","2"
"1063","13","1"
"1109","13","1"
"1137","13","1"
"1139","13","1"
"1179","13","1"
"1193","13","2"
"1244","13","1"
"1523","13","1"
"1576","13","2"
"160","14","2"
"354","14","1"
"8","15","1"
"60","15","1"
"63","15","1"
"77","15","1"
"126","15","1"
"128","15","1"
"130","15","1"
"135","15","1"
"153","15","2"
"167","15","2"
"217","15","1"
"259","15","1"
"291","15","2"
"342","15","1"
"436","15","1"
"638","15","2"
"669","15","1"
"670","15","1"
"681","15","1"
"729","15","2"
"758","15","1"
"767","15","1"
"794","15","2"
"818","15","1"
"821","15","1"
"891","15","1"
"899","15","2"
"1073","15","1"
"1125","15","1"
"1166","15","1"
"1168","15","1"
"1267","15","2"
"1280","15","2"
"1325","15","1"
"1357","15","1"
"1400","15","2"
"1402","15","1"
"1421","15","2"
"1422","15","1"
"1472","15","1"
"1527","15","2"
"1529","15","1"
"1554","15","1"
"1555","15","1"
"1626","15","2"
"1638","15","2"
"1654","15","1"
"75","16","1"
"109","16","2"
"111","16","2"
"159","16","1"
"237","16","2"
"287","16","1"
"292","16","1"
"313","16","1"
"456","16","2"
"727","16","2"
"742","16","2"
"779","16","1"
"923","16","1"
"926","16","1"
"931","16","1"
"1057","16","2"
"1072","16","1"
"1097","16","1"
"1128","16","2"
"1135","16","1"
"1397","16","2"
"1455","16","2"
"1473","16","2"
"1488","16","2"
"109","17","1"
"191","17","1"
"404","17","1"
"423","17","1"
"436","17","2"
"459","17","1"
"544","17","1"
"728","17","1"
"1106","17","2"
"1230","17","1"
"1251","17","2"
"1331","17","1"
"1447","17","1"
"1464","17","1"
"1469","17","1"
"1581","17","1"
"1602","17","1"
"1605","17","1"
"1623","17","1"
"75","18","2"
"148","18","1"
"422","18","1"
"552","18","2"
"729","18","1"
"756","18","2"
"765","18","2"
"820","18","2"
"1072","18","2"
"1128","18","1"
"1229","18","1"
"1455","18","1"
"1470","18","2"
"1531","18","1"
"168","20","1"
"196","20","1"
"240","20","2"
"242","20","1"
"265","20","2"
"299","20","2"
"306","20","2"
"330","20","2"
"340","20","2"
"373","20","1"
"440","20","2"
"442","20","1"
"448","20","2"
"542","20","2"
"543","20","1"
"564","20","1"
"612","20","1"
"629","20","2"
"656","20","1"
"679","20","2"
"682","20","2"
"720","20","2"
"733","20","2"
"830","20","1"
"907","20","1"
"980","20","2"
"983","20","1"
"1085","20","1"
"1201","20","1"
"1235","20","1"
"1254","20","1"
"1271","20","2"
"1300","20","1"
"1485","20","1"
"1486","20","2"
"1513","20","2"
"1517","20","2"
"1601","20","1"
"1641","20","1"
"99","21","1"
"125","21","1"
"163","21","2"
"265","21","1"
"298","21","1"
"306","21","1"
"307","21","2"
"341","21","1"
"391","21","2"
"443","21","1"
"457","21","1"
"461","21","2"
"526","21","1"
"537","21","1"
"541","21","1"
"565","21","2"
"567","21","1"
"588","21","2"
"642","21","1"
"663","21","2"
"689","21","2"
"691","21","1"
"733","21","1"
"740","21","1"
"844","21","1"
"947","21","2"
"968","21","2"
"972","21","1"
"980","21","1"
"988","21","2"
"989","21","2"
"994","21","1"
"1024","21","1"
"1025","21","1"
"1141","21","1"
"1146","21","2"
"1199","21","2"
"1200","21","1"
"1201","21","2"
"1237","21","1"
"1253","21","2"
"1261","21","1"
"1269","21","1"
"1273","21","1"
"1300","21","2"
"1338","21","1"
"1343","21","2"
"1384","21","1"
"1395","21","1"
"1516","21","2"
"1557","21","1"
"1627","21","2"
"1628","21","1"
"170","22","2"
"34","23","1"
"83","23","2"
"85","23","2"
"127","23","1"
"168","23","2"
"170","23","1"
"172","23","1"
"197","23","1"
"240","23","1"
"271","23","2"
"300","23","2"
"398","23","2"
"401","23","1"
"438","23","1"
"455","23","2"
"468","23","1"
"512","23","1"
"542","23","1"
"576","23","1"
"629","23","1"
"661","23","2"
"754","23","1"
"909","23","1"
"943","23","1"
"967","23","1"
"973","23","2"
"984","23","2"
"1058","23","1"
"1099","23","1"
"1103","23","1"
"1162","23","1"
"1164","23","2"
"1220","23","1"
"1256","23","2"
"1407","23","2"
"1426","23","1"
"1454","23","2"
"1485","23","2"
"1494","23","2"
"1508","23","1"
"1509","23","2"
"1545","23","2"
"1601","23","2"
"1604","23","2"
"1633","23","2"
"1635","23","1"
"1649","23","2"
"33","24","1"
"85","24","1"
"89","24","1"
"125","24","2"
"163","24","1"
"166","24","1"
"303","24","2"
"430","24","2"
"440","24","1"
"441","24","2"
"607","24","1"
"644","24","2"
"753","24","2"
"771","24","2"
"840","24","2"
"910","24","2"
"959","24","2"
"968","24","1"
"989","24","1"
"1006","24","2"
"1100","24","2"
"1142","24","1"
"1237","24","2"
"1384","24","2"
"1433","24","2"
"1491","24","2"
"1509","24","1"
"1514","24","1"
"1517","24","1"
"1541","24","2"
"1563","24","2"
"1604","24","1"
"1607","24","2"
"1628","24","2"
"1641","24","2"
"131","25","1"
"166","25","2"
"244","25","1"
"263","25","1"
"269","25","1"
"271","25","1"
"307","25","1"
"398","25","1"
"579","25","2"
"829","25","2"
"897","25","1"
"940","25","2"
"944","25","1"
"949","25","1"
"979","25","1"
"998","25","1"
"1011","25","2"
"1024","25","2"
"1271","25","1"
"1319","25","1"
"1341","25","1"
"1391","25","1"
"1406","25","1"
"1435","25","2"
"1513","25","1"
"1541","25","1"
"1545","25","1"
"1619","25","2"
"1635","25","2"
"139","26","1"
"311","26","1"
"348","26","1"
"364","26","2"
"498","26","2"
"534","26","1"
"589","26","1"
"600","26","1"
"751","26","1"
"785","26","2"
"834","26","1"
"1114","26","1"
"1159","26","1"
"1268","26","1"
"1289","26","1"
"1365","26","1"
"1367","26","1"
"1415","26","1"
"1500","26","2"
"1559","26","1"
"69","27","1"
"117","27","1"
"236","27","2"
"470","27","1"
"835","27","2"
"836","27","2"
"1524","28","2"
"69","29","2"
"72","30","2"
"107","30","2"
"209","30","2"
"294","30","2"
"365","30","2"
"509","30","2"
"574","30","1"
"619","30","2"
"896","30","1"
"986","30","1"
"1028","30","2"
"1196","30","1"
"49","31","1"
"71","31","2"
"183","31","1"
"185","31","2"
"228","31","2"
"233","31","2"
"235","31","1"
"258","31","1"
"262","31","2"
"275","31","1"
"337","31","1"
"345","31","2"
"350","31","2"
"363","31","1"
"433","31","1"
"490","31","1"
"575","31","1"
"645","31","2"
"785","31","1"
"796","31","2"
"812","31","2"
"903","31","2"
"933","31","1"
"1001","31","2"
"1056","31","2"
"1078","31","2"
"1123","31","1"
"1177","31","2"
"1185","31","2"
"1206","31","2"
"1238","31","1"
"1255","31","1"
"1364","31","1"
"1622","31","2"
"1630","31","1"
"1634","31","2"
"1658","31","1"
"1664","31","2"
"1668","31","1"
"1672","31","1"
"36","32","1"
"228","32","1"
"235","32","2"
"281","32","1"
"296","32","1"
"338","32","2"
"346","32","1"
"350","32","1"
"408","32","2"
"421","32","1"
"592","32","1"
"701","32","1"
"702","32","1"
"796","32","1"
"808","32","2"
"827","32","1"
"833","32","1"
"837","32","1"
"892","32","1"
"902","32","1"
"921","32","1"
"1054","32","1"
"1076","32","1"
"1077","32","1"
"1177","32","1"
"1236","32","2"
"1239","32","1"
"1326","32","1"
"1345","32","1"
"1349","32","1"
"1418","32","1"
"1445","32","1"
"1495","32","1"
"1498","32","1"
"1505","32","1"
"1548","32","1"
"1568","32","2"
"1640","32","2"
"1662","32","2"
"1665","32","1"
"1672","32","2"
"65","33","2"
"66","33","2"
"78","33","1"
"180","33","2"
"288","33","2"
"332","33","2"
"335","33","2"
"556","33","2"
"626","33","2"
"1031","33","1"
"64","34","1"
"115","34","1"
"119","34","2"
"120","34","1"
"133","34","1"
"169","34","2"
"227","34","2"
"249","34","1"
"278","34","2"
"289","34","2"
"333","34","2"
"353","34","2"
"382","34","2"
"387","34","1"
"399","34","2"
"501","34","1"
"514","34","1"
"547","34","1"
"555","34","1"
"597","34","2"
"614","34","1"
"674","34","1"
"806","34","1"
"851","34","1"
"889","34","1"
"1061","34","2"
"1136","34","2"
"1291","34","2"
"1298","34","1"
"1353","34","1"
"1378","34","2"
"1464","34","2"
"1605","34","2"
"24","35","1"
"66","35","1"
"116","35","2"
"289","35","1"
"333","35","1"
"383","35","2"
"556","35","1"
"800","35","1"
"22","36","2"
"42","36","1"
"53","36","1"
"81","36","1"
"91","36","2"
"180","36","1"
"181","36","2"
"305","36","1"
"397","36","1"
"402","36","1"
"516","36","2"
"524","36","1"
"531","36","1"
"557","36","1"
"614","36","2"
"617","36","1"
"676","36","1"
"687","36","1"
"749","36","1"
"802","36","1"
"819","36","2"
"860","36","1"
"886","36","2"
"954","36","2"
"955","36","2"
"1178","36","2"
"1260","36","2"
"1293","36","2"
"1296","36","1"
"1328","36","1"
"1353","36","2"
"1558","36","2"
"1596","36","1"
"1625","36","1"
"1626","36","1"
"1654","36","2"
"22","37","1"
"23","37","1"
"57","37","1"
"59","37","1"
"335","37","1"
"492","37","2"
"558","37","2"
"800","37","2"
"1405","37","1"
"368","38","1"
"386","38","1"
"387","38","2"
"396","38","1"
"494","38","2"
"862","38","1"
"885","38","1"
"887","38","1"
"1246","38","2"
"1252","38","2"
"1389","38","2"
"67","39","1"
"288","39","1"
"601","39","2"
"632","39","2"
"659","39","1"
"1035","39","2"
"1077","39","2"
"1374","39","2"
"1521","39","1"
"1564","39","1"
"65","40","1"
"86","40","2"
"133","40","2"
"476","40","1"
"617","40","2"
"777","40","1"
"848","40","1"
"935","40","2"
"1023","40","1"
"1094","40","2"
"1194","40","1"
"1279","40","1"
"1428","40","2"
"1542","40","2"
"91","42","1"
"114","42","2"
"181","42","1"
"182","42","2"
"216","42","1"
"219","42","1"
"278","42","1"
"557","42","2"
"615","42","1"
"657","42","2"
"688","42","2"
"710","42","1"
"750","42","1"
"793","42","1"
"819","42","1"
"851","42","2"
"860","42","2"
"885","42","2"
"1075","42","2"
"1076","42","2"
"1148","42","1"
"1209","42","2"
"1213","42","1"
"1236","42","1"
"1301","42","1"
"1416","42","2"
"1417","42","2"
"1445","42","2"
"1446","42","1"
"1458","42","1"
"1525","42","1"
"1568","42","1"
"1630","42","2"
"1634","42","1"
"1640","42","1"
"1668","42","2"
"55","44","1"
"86","44","1"
"114","44","1"
"115","44","2"
"116","44","1"
"119","44","1"
"182","44","1"
"280","44","1"
"283","44","1"
"305","44","2"
"382","44","1"
"388","44","1"
"389","44","1"
"399","44","1"
"402","44","2"
"514","44","2"
"613","44","1"
"687","44","2"
"719","44","2"
"791","44","1"
"871","44","1"
"886","44","1"
"954","44","1"
"1198","44","2"
"1268","44","2"
"1352","44","1"
"1375","44","2"
"134","45","1"
"1205","45","2"
"1316","45","2"
"24","46","2"
"81","46","2"
"169","47","1"
"332","47","1"
"383","47","1"
"493","47","1"
"515","47","1"
"531","47","2"
"545","47","1"
"547","47","2"
"615","47","2"
"626","47","1"
"848","47","2"
"863","47","1"
"890","47","1"
"1094","47","1"
"1272","47","1"
"1330","47","2"
"1504","48","2"
"70","49","2"
"100","49","2"
"229","49","2"
"336","49","1"
"352","49","1"
"470","49","2"
"584","49","1"
"810","49","2"
"835","49","1"
"836","49","1"
"1553","49","2"
"68","50","1"
"70","50","1"
"102","50","2"
"146","50","1"
"385","50","1"
"482","50","2"
"637","50","2"
"716","50","2"
"858","50","2"
"1008","50","2"
"1037","50","1"
"1188","50","2"
"1302","50","2"
"1550","50","2"
"1552","50","2"
"101","51","1"
"145","51","1"
"176","51","2"
"202","51","1"
"250","51","1"
"364","51","1"
"406","51","1"
"407","51","2"
"572","51","1"
"697","51","1"
"746","51","1"
"748","51","1"
"867","51","1"
"1307","51","2"
"1363","51","1"
"1371","51","2"
"68","52","2"
"102","52","1"
"146","52","2"
"625","52","2"
"665","52","1"
"845","52","2"
"1333","52","1"
"122","53","1"
"176","53","1"
"178","53","2"
"212","53","1"
"214","53","1"
"257","53","2"
"297","53","2"
"322","53","1"
"356","53","1"
"367","53","1"
"411","53","2"
"477","53","1"
"497","53","2"
"596","53","1"
"667","53","2"
"730","53","2"
"734","53","1"
"763","53","1"
"782","53","1"
"784","53","1"
"799","53","2"
"925","53","2"
"948","53","1"
"965","53","1"
"977","53","1"
"1282","53","1"
"1339","53","2"
"1358","53","1"
"1538","53","2"
"1573","53","1"
"1574","53","2"
"187","55","2"
"247","55","1"
"317","55","2"
"105","56","2"
"143","56","2"
"164","56","2"
"212","56","2"
"321","56","2"
"324","56","1"
"367","56","2"
"384","56","1"
"390","56","2"
"711","56","2"
"776","56","1"
"789","56","1"
"790","56","2"
"795","56","2"
"934","56","1"
"990","56","1"
"1059","56","2"
"1095","56","2"
"1290","56","2"
"1294","56","1"
"18","57","1"
"41","57","1"
"122","57","2"
"202","57","2"
"385","57","2"
"491","57","2"
"507","57","2"
"667","57","1"
"730","57","1"
"763","57","2"
"805","57","1"
"841","57","1"
"872","57","1"
"878","57","1"
"883","57","2"
"906","57","2"
"925","57","1"
"991","57","1"
"1000","57","1"
"1008","57","1"
"1042","57","1"
"1079","57","1"
"1080","57","1"
"1104","57","2"
"1180","57","1"
"1183","57","1"
"1284","57","2"
"1340","57","1"
"1379","57","2"
"1490","57","1"
"1536","57","2"
"1573","57","2"
"1670","57","1"
"151","58","2"
"164","58","1"
"210","58","1"
"232","58","2"
"268","58","2"
"270","58","2"
"295","58","1"
"314","58","2"
"321","58","1"
"326","58","1"
"413","58","1"
"474","58","1"
"533","58","1"
"553","58","1"
"596","58","2"
"625","58","1"
"712","58","2"
"804","58","1"
"877","58","2"
"906","58","1"
"976","58","1"
"1081","58","1"
"1083","58","1"
"1104","58","1"
"1172","58","1"
"1174","58","1"
"1283","58","2"
"1337","58","1"
"1358","58","2"
"1414","58","1"
"1459","58","2"
"1570","58","1"
"1571","58","1"
"1597","58","2"
"1652","58","1"
"104","59","1"
"807","59","2"
"11","60","1"
"100","60","1"
"124","60","1"
"260","60","1"
"293","60","2"
"317","60","1"
"551","60","1"
"561","60","1"
"566","60","2"
"695","60","1"
"737","60","2"
"760","60","1"
"782","60","2"
"841","60","2"
"872","60","2"
"874","60","2"
"905","60","2"
"1026","60","2"
"1091","60","1"
"1108","60","1"
"1210","60","2"
"1240","60","1"
"1287","60","1"
"1336","60","1"
"1508","60","2"
"151","61","1"
"177","61","1"
"257","61","1"
"297","61","1"
"411","61","1"
"790","61","1"
"879","61","2"
"1149","61","1"
"1262","61","1"
"1278","61","2"
"1307","61","1"
"1327","61","1"
"1362","61","1"
"1363","61","2"
"1477","61","2"
"1642","61","1"
"1647","61","1"
"187","62","1"
"210","62","2"
"218","62","2"
"234","62","1"
"290","62","2"
"322","62","2"
"510","62","1"
"519","62","2"
"734","62","2"
"738","62","2"
"786","62","2"
"804","62","2"
"874","62","1"
"915","62","2"
"918","62","1"
"961","62","2"
"1169","62","1"
"1380","62","2"
"1401","62","1"
"1469","62","2"
"1519","62","2"
"1582","62","2"
"178","63","1"
"218","63","1"
"234","63","2"
"268","63","1"
"270","63","1"
"358","63","1"
"360","63","2"
"503","63","1"
"504","63","1"
"583","63","1"
"649","63","2"
"677","63","1"
"690","63","1"
"703","63","2"
"714","63","2"
"722","63","2"
"774","63","2"
"775","63","1"
"776","63","2"
"825","63","1"
"826","63","2"
"839","63","1"
"985","63","1"
"1051","63","2"
"1052","63","2"
"1113","63","1"
"1158","63","1"
"1221","63","2"
"1290","63","1"
"1297","63","2"
"1350","63","1"
"1370","63","1"
"1386","63","2"
"1481","63","1"
"188","64","2"
"54","65","1"
"82","65","1"
"129","65","1"
"140","65","2"
"194","65","1"
"585","65","1"
"634","65","2"
"671","65","2"
"677","65","2"
"694","65","1"
"762","65","1"
"789","65","2"
"898","65","1"
"934","65","2"
"956","65","1"
"981","65","2"
"990","65","2"
"1095","65","1"
"1156","65","1"
"1355","65","1"
"1420","65","1"
"1481","65","2"
"1587","65","2"
"27","66","2"
"141","66","2"
"156","66","2"
"312","66","1"
"971","66","1"
"1154","66","2"
"1503","66","1"
"27","67","1"
"50","67","1"
"79","67","2"
"186","67","2"
"239","67","2"
"243","67","1"
"252","67","2"
"254","67","2"
"279","67","1"
"351","67","1"
"376","67","1"
"393","67","1"
"418","67","2"
"420","67","2"
"424","67","1"
"504","67","2"
"520","67","2"
"559","67","1"
"570","67","1"
"582","67","2"
"634","67","1"
"635","67","2"
"690","67","2"
"692","67","2"
"700","67","2"
"761","67","2"
"764","67","2"
"778","67","2"
"823","67","2"
"826","67","1"
"941","67","1"
"958","67","2"
"982","67","1"
"1122","67","1"
"1198","67","1"
"1224","67","2"
"1354","67","2"
"1375","67","1"
"1386","67","1"
"1415","67","2"
"1478","67","1"
"1556","67","1"
"4","68","2"
"29","68","1"
"310","68","2"
"320","68","1"
"377","68","2"
"439","68","2"
"496","68","1"
"560","68","2"
"671","68","1"
"673","68","1"
"894","68","1"
"970","68","2"
"981","68","1"
"1051","68","1"
"1171","68","2"
"1289","68","2"
"1367","68","2"
"1390","68","1"
"1431","68","1"
"4","69","1"
"6","69","1"
"80","69","2"
"198","69","1"
"285","69","2"
"378","69","1"
"381","69","1"
"412","69","1"
"425","69","1"
"1","71","2"
"54","71","2"
"56","71","1"
"82","71","2"
"123","71","2"
"156","71","1"
"175","71","1"
"226","71","2"
"241","71","1"
"245","71","1"
"344","71","2"
"379","71","1"
"419","71","2"
"538","71","1"
"573","71","2"
"637","71","1"
"695","71","2"
"760","71","2"
"884","71","2"
"919","71","2"
"963","71","2"
"1002","71","2"
"1012","71","2"
"1160","71","2"
"1217","71","2"
"1219","71","2"
"1245","71","2"
"1340","71","2"
"1413","71","1"
"1574","71","1"
"1637","71","2"
"1639","71","1"
"1652","71","2"
"56","72","2"
"80","72","1"
"123","72","1"
"129","72","2"
"138","72","1"
"140","72","1"
"171","72","2"
"378","72","2"
"482","72","1"
"736","72","2"
"739","72","2"
"1005","72","2"
"1039","72","2"
"1083","72","2"
"1084","72","1"
"1163","72","1"
"1222","72","2"
"1284","72","1"
"1288","72","1"
"1389","72","1"
"1536","72","1"
"1546","72","1"
"1624","72","2"
"1637","72","1"
"29","73","2"
"103","73","2"
"174","73","2"
"186","73","1"
"192","73","1"
"194","73","2"
"239","73","1"
"245","73","2"
"261","73","1"
"325","73","1"
"344","73","1"
"349","73","2"
"351","73","2"
"377","73","1"
"392","73","2"
"393","73","2"
"424","73","2"
"495","73","1"
"635","73","1"
"703","73","1"
"744","73","2"
"880","73","2"
"911","73","1"
"970","73","1"
"971","73","2"
"987","73","1"
"1060","73","1"
"1113","73","2"
"1171","73","1"
"1221","73","1"
"1274","73","2"
"1294","73","2"
"1586","73","1"
"103","74","1"
"155","74","2"
"199","74","1"
"286","74","2"
"349","74","1"
"417","74","2"
"536","74","2"
"1041","74","1"
"1112","74","1"
"1154","74","1"
"35","75","1"
"79","75","1"
"141","75","1"
"171","75","1"
"189","75","1"
"252","75","1"
"255","75","2"
"272","75","1"
"284","75","2"
"315","75","2"
"316","75","1"
"392","75","1"
"414","75","1"
"418","75","1"
"521","75","2"
"583","75","2"
"604","75","2"
"649","75","1"
"692","75","1"
"705","75","1"
"714","75","1"
"880","75","1"
"996","75","1"
"1038","75","1"
"1323","75","2"
"1342","75","1"
"1398","75","1"
"1479","75","2"
"1480","75","1"
"1584","75","1"
"144","76","1"
"226","76","1"
"261","76","2"
"279","76","2"
"286","76","1"
"312","76","2"
"573","76","1"
"711","76","1"
"744","76","1"
"795","76","1"
"879","76","1"
"895","76","2"
"985","76","2"
"1184","76","1"
"1189","76","1"
"1224","76","1"
"1274","76","1"
"1390","76","2"
"1500","76","1"
"1503","76","2"
"1587","76","1"
"15","78","1"
"20","78","1"
"83","78","1"
"84","78","1"
"113","78","1"
"237","78","1"
"291","78","1"
"342","78","2"
"374","78","2"
"404","78","2"
"409","78","2"
"456","78","1"
"549","78","1"
"756","78","1"
"810","78","1"
"817","78","2"
"864","78","2"
"891","78","2"
"899","78","1"
"1073","78","2"
"1168","78","2"
"1181","78","1"
"1243","78","2"
"1360","78","2"
"1397","78","1"
"1456","78","2"
"1483","78","2"
"1528","78","1"
"17","79","1"
"203","79","1"
"264","79","1"
"300","79","1"
"329","79","1"
"391","79","1"
"773","79","1"
"1119","79","2"
"1262","79","2"
"1327","79","2"
"1372","79","1"
"1524","79","1"
"1665","79","2"
"40","80","1"
"106","80","1"
"165","80","1"
"273","80","2"
"231","81","1"
"88","83","1"
"142","83","1"
"157","83","1"
"185","83","1"
"233","83","1"
"294","83","1"
"311","83","2"
"337","83","2"
"338","83","1"
"345","83","1"
"346","83","2"
"363","83","2"
"365","83","1"
"408","83","1"
"427","83","2"
"433","83","2"
"509","83","1"
"619","83","1"
"633","83","1"
"658","83","2"
"660","83","2"
"662","83","2"
"664","83","2"
"666","83","1"
"699","83","1"
"745","83","2"
"813","83","2"
"849","83","1"
"945","83","2"
"964","83","1"
"1075","83","1"
"1123","83","2"
"1209","83","1"
"1308","83","1"
"1593","83","1"
"1595","83","1"
"1632","83","1"
"1660","83","1"
"72","84","1"
"165","84","2"
"207","84","1"
"230","84","1"
"296","84","2"
"498","84","1"
"664","84","1"
"697","84","2"
"867","84","2"
"945","84","1"
"962","84","1"
"1034","84","1"
"1078","84","1"
"1133","84","2"
"1206","84","1"
"1278","84","1"
"1308","84","2"
"1448","84","1"
"1449","84","1"
"1467","84","1"
"1477","84","1"
"1525","84","2"
"1629","84","2"
"78","86","2"
"206","86","2"
"227","86","1"
"559","86","2"
"966","86","1"
"992","86","1"
"1132","86","2"
"42","87","2"
"67","87","2"
"179","87","1"
"204","87","1"
"206","87","1"
"216","87","2"
"280","87","2"
"283","87","2"
"368","87","2"
"493","87","2"
"494","87","1"
"640","87","2"
"846","87","1"
"871","87","2"
"873","87","1"
"876","87","1"
"1026","87","1"
"1192","87","2"
"1196","87","2"
"1197","87","2"
"1211","87","2"
"1385","87","1"
"1428","87","1"
"1430","87","1"
"1442","87","2"
"1474","87","1"
"124","88","2"
"232","88","1"
"251","88","1"
"260","88","2"
"290","88","1"
"293","88","1"
"295","88","2"
"314","88","1"
"318","88","1"
"323","88","1"
"326","88","2"
"390","88","1"
"522","88","2"
"523","88","1"
"594","88","1"
"712","88","1"
"1160","88","1"
"1264","88","2"
"1309","88","2"
"1332","88","1"
"1377","88","1"
"1382","88","2"
"1489","88","2"
"1644","88","1"
"1657","88","1"
"7","89","1"
"28","89","1"
"155","89","1"
"198","89","2"
"315","89","1"
"319","89","1"
"376","89","2"
"410","89","1"
"414","89","2"
"417","89","1"
"420","89","1"
"469","89","1"
"520","89","1"
"538","89","2"
"560","89","1"
"653","89","1"
"694","89","2"
"700","89","1"
"724","89","2"
"761","89","1"
"762","89","2"
"764","89","1"
"775","89","2"
"778","89","1"
"824","89","2"
"900","89","1"
"956","89","2"
"958","89","1"
"1049","89","1"
"1093","89","2"
"1129","89","1"
"1232","89","2"
"1234","89","2"
"1322","89","1"
"1368","89","1"
"1507","89","2"
"1518","89","1"
"1579","89","2"
"1585","89","1"
"1621","89","1"
"46","90","2"
"172","90","2"
"269","90","2"
"298","90","2"
"302","90","1"
"443","90","2"
"462","90","2"
"562","90","2"
"939","90","1"
"1142","90","2"
"479","91","1"
"540","91","1"
"541","91","2"
"567","91","2"
"1048","91","1"
"1281","91","1"
"304","92","1"
"460","92","1"
"467","92","1"
"84","97","2"
"152","97","1"
"161","97","1"
"429","97","1"
"430","97","1"
"437","97","1"
"451","97","1"
"464","97","1"
"484","97","1"
"535","97","1"
"591","97","1"
"940","97","1"
"953","97","1"
"960","97","2"
"1032","97","1"
"1167","97","2"
"1567","97","1"
"95","98","1"
"98","98","1"
"106","98","2"
"118","98","1"
"121","98","1"
"154","98","1"
"183","98","2"
"275","98","2"
"327","98","2"
"348","98","2"
"361","98","1"
"421","98","2"
"427","98","1"
"499","98","1"
"747","98","2"
"930","98","1"
"950","98","2"
"1033","98","1"
"1263","98","2"
"1362","98","2"
"1372","98","2"
"1664","98","1"
"1669","98","1"
"262","99","1"
"274","99","2"
"407","99","1"
"487","99","1"
"598","99","1"
"1044","99","2"
"1218","99","2"
"1298","99","2"
"1553","99","1"
"174","100","1"
"255","100","1"
"272","100","2"
"284","100","1"
"310","100","1"
"347","100","1"
"380","100","1"
"419","100","1"
"722","100","1"
"870","100","2"
"993","100","1"
"1052","100","1"
"1059","100","1"
"1060","100","2"
"1173","100","1"
"1354","100","1"
"1478","100","2"
"51","101","1"
"519","101","1"
"737","101","1"
"1572","101","1"
"161","102","2"
"208","102","1"
"429","102","2"
"451","102","2"
"591","102","2"
"770","102","2"
"843","102","2"
"951","102","2"
"1126","102","1"
"1405","102","2"
"1436","102","1"
"10","103","1"
"44","103","1"
"45","103","2"
"152","103","2"
"46","104","1"
"96","104","1"
"99","104","2"
"263","104","2"
"464","104","2"
"485","104","1"
"517","104","1"
"644","104","1"
"828","104","1"
"908","104","2"
"937","104","2"
"1100","104","1"
"1143","104","1"
"1433","104","1"
"1452","104","2"
"1542","104","1"
"31","105","1"
"44","105","2"
"45","105","1"
"74","105","1"
"455","105","1"
"1111","108","1"
"39","109","1"
"108","109","1"
"111","109","1"
"153","109","1"
"422","109","2"
"428","109","2"
"446","109","1"
"282","110","2"
"434","110","1"
"552","110","1"
"620","110","2"
"13","114","1"
"196","114","2"
"441","114","1"
"511","114","2"
"574","114","2"
"666","114","2"
"717","114","1"
"718","114","1"
"752","114","2"
"849","114","2"
"929","114","1"
"1064","114","1"
"1441","114","1"
"1579","114","1"
"1592","114","1"
"1618","114","1"
"112","115","1"
"339","115","1"
"373","115","2"
"445","115","1"
"448","115","1"
"454","115","1"
"462","115","1"
"475","115","2"
"576","115","2"
"679","115","1"
"682","115","1"
"720","115","1"
"740","115","2"
"814","115","1"
"907","115","2"
"913","115","1"
"936","115","1"
"947","115","1"
"994","115","2"
"997","115","2"
"1082","115","1"
"1116","115","1"
"1231","115","1"
"1249","115","2"
"1309","115","1"
"1413","115","2"
"1457","115","2"
"1646","115","1"
"1651","115","2"
"329","116","2"
"745","116","1"
"865","116","2"
"1492","116","1"
"1560","116","1"
"550","118","1"
"728","118","2"
"780","118","1"
"1376","118","1"
"1392","118","2"
"10","119","2"
"1650","123","2"
"3","125","1"
"241","125","2"
"254","125","1"
"256","125","1"
"439","125","1"
"623","125","1"
"648","125","1"
"858","125","1"
"1","126","1"
"1648","126","2"
"416","128","1"
"946","128","1"
"974","128","1"
"1133","128","1"
"1185","128","1"
"1476","128","2"
"76","129","1"
"242","129","2"
"445","129","2"
"450","129","1"
"460","129","2"
"461","129","1"
"485","129","2"
"529","129","1"
"606","129","1"
"630","129","1"
"680","129","1"
"732","129","1"
"951","129","1"
"984","129","1"
"988","129","1"
"995","129","2"
"1007","129","1"
"1551","129","1"
"1616","129","1"
"6","131","2"
"285","131","1"
"188","133","1"
"61","138","1"
"101","138","2"
"105","138","1"
"143","138","1"
"432","138","1"
"508","138","1"
"601","138","1"
"632","138","1"
"659","138","2"
"798","138","1"
"1169","138","2"
"1195","138","1"
"1218","138","1"
"9","142","1"
"150","142","1"
"229","142","1"
"318","142","2"
"360","142","1"
"384","142","2"
"842","142","1"
"1193","142","1"
"1404","142","1"
"1603","142","1"
"12","143","1"
"388","147","2"
"1316","147","1"
"204","148","2"
"353","149","1"
"757","149","1"
"820","149","1"
"855","149","1"
"1096","149","1"
"1167","149","1"
"1267","149","1"
"1530","149","1"
"1655","149","1"
"94","156","1"
"327","156","1"
"328","156","1"
"372","156","2"
"1539","156","2"
"47","157","1"
"221","157","1"
"231","157","2"
"273","157","1"
"370","157","1"
"571","157","1"
"662","157","1"
"929","157","2"
"1504","157","1"
"94","158","2"
"117","158","2"
"236","158","1"
"274","158","1"
"137","159","1"
"139","159","2"
"207","159","2"
"71","161","1"
"95","161","2"
"98","161","2"
"107","161","1"
"118","161","2"
"149","161","1"
"221","161","2"
"223","161","1"
"357","161","1"
"358","161","2"
"474","161","2"
"483","161","1"
"522","161","1"
"561","161","2"
"595","161","1"
"781","161","1"
"884","161","1"
"920","161","1"
"942","161","2"
"961","161","1"
"977","161","2"
"1002","161","1"
"1067","161","1"
"1115","161","1"
"1150","161","1"
"1152","161","2"
"1231","161","2"
"1305","161","2"
"1323","161","1"
"1453","161","2"
"1549","161","2"
"1589","161","1"
"1590","161","2"
"209","162","1"
"223","162","2"
"432","162","2"
"1015","162","2"
"1424","162","1"
"1434","162","1"
"49","163","2"
"154","163","2"
"149","164","2"
"77","167","2"
"148","167","2"
"375","167","2"
"428","167","1"
"434","167","2"
"471","167","1"
"473","167","1"
"544","167","2"
"669","167","2"
"792","167","1"
"864","167","1"
"932","167","1"
"1016","167","1"
"1018","167","1"
"1190","167","2"
"1203","167","1"
"1256","167","1"
"1259","167","1"
"1261","167","2"
"1452","167","1"
"1494","167","1"
"1544","167","1"
"372","168","1"
"406","168","2"
"513","169","1"
"535","169","2"
"562","169","1"
"565","169","1"
"568","169","1"
"579","169","1"
"588","169","1"
"609","169","2"
"612","169","2"
"663","169","1"
"689","169","1"
"770","169","1"
"838","169","1"
"910","169","1"
"959","169","1"
"967","169","2"
"1006","169","1"
"1007","169","2"
"1009","169","1"
"1011","169","1"
"1036","169","1"
"1064","169","2"
"1117","169","1"
"1129","169","2"
"1152","169","1"
"1249","169","1"
"1320","169","2"
"1412","169","1"
"1443","169","2"
"1482","169","2"
"1511","169","1"
"1512","169","2"
"1518","169","2"
"1549","169","1"
"403","175","1"
"463","180","2"
"587","180","2"
"758","180","2"
"1275","180","2"
"1439","180","2"
"463","181","1"
"502","181","2"
"546","181","2"
"599","181","1"
"621","181","2"
"683","181","1"
"924","181","2"
"1109","181","2"
"1110","181","1"
"1136","181","1"
"1137","181","2"
"1291","181","1"
"1057","182","1"
"1106","182","1"
"1251","182","1"
"1357","182","2"
"1419","182","1"
"1470","182","1"
"1472","182","2"
"549","183","2"
"769","183","1"
"816","183","2"
"817","183","1"
"821","183","2"
"852","183","2"
"1031","183","2"
"1145","183","2"
"1471","183","2"
"1527","183","1"
"1567","183","2"
"1645","183","1"
"611","185","1"
"627","185","2"
"672","185","1"
"1400","185","1"
"1456","185","1"
"607","188","2"
"655","188","1"
"772","188","2"
"1018","188","2"
"1147","188","2"
"1162","188","2"
"1187","188","1"
"1202","188","2"
"1215","188","1"
"1311","188","1"
"1319","188","2"
"1341","188","2"
"1436","188","2"
"1543","188","2"
"1615","188","1"
"1620","188","1"
"1649","188","1"
"1650","188","1"
"512","189","2"
"609","189","1"
"773","189","2"
"814","189","2"
"832","189","1"
"840","189","1"
"1058","189","2"
"1085","189","2"
"1086","189","1"
"1099","189","2"
"1103","189","2"
"1147","189","1"
"1190","189","1"
"1253","189","1"
"1258","189","1"
"1395","189","2"
"1407","189","1"
"1437","189","1"
"1450","189","2"
"1491","189","1"
"1493","189","2"
"1543","189","1"
"1607","189","1"
"1620","189","2"
"1648","189","1"
"1659","189","2"
"537","190","2"
"960","190","1"
"978","190","1"
"1010","190","1"
"1013","190","2"
"1259","190","2"
"1314","190","1"
"1437","190","2"
"1454","190","1"
"1486","190","1"
"1627","190","1"
"1633","190","1"
"680","191","2"
"978","191","2"
"1003","191","1"
"1013","191","1"
"1557","191","2"
"1599","191","1"
"468","192","2"
"484","192","2"
"691","192","2"
"844","192","2"
"859","192","2"
"897","192","2"
"909","192","2"
"913","192","2"
"944","192","2"
"995","192","1"
"1066","192","1"
"1392","192","1"
"1019","194","1"
"475","195","1"
"772","195","1"
"788","195","1"
"828","195","2"
"831","195","1"
"908","195","1"
"936","195","2"
"937","195","1"
"969","195","1"
"1016","195","2"
"1088","195","2"
"511","196","1"
"618","196","2"
"645","196","1"
"660","196","1"
"698","196","2"
"717","196","2"
"747","196","1"
"797","196","1"
"812","196","1"
"881","196","1"
"903","196","1"
"1281","196","2"
"1292","196","1"
"1576","196","1"
"1582","196","1"
"1623","196","2"
"1034","197","2"
"486","198","1"
"525","198","1"
"592","198","2"
"618","198","1"
"658","198","1"
"696","198","1"
"698","198","1"
"718","198","2"
"746","198","2"
"752","198","1"
"808","198","1"
"813","198","1"
"881","198","2"
"921","198","2"
"964","198","2"
"975","198","2"
"1001","198","1"
"1066","198","2"
"1118","198","2"
"1234","198","1"
"1302","198","1"
"1322","198","2"
"1443","198","1"
"1453","198","1"
"1550","198","1"
"1618","198","2"
"1621","198","2"
"641","199","1"
"834","199","2"
"950","199","1"
"1055","199","1"
"1153","199","1"
"1324","199","2"
"1674","199","2"
"490","200","2"
"572","200","2"
"870","200","1"
"895","200","1"
"992","200","2"
"1112","200","2"
"1170","200","1"
"1189","200","2"
"701","201","2"
"847","201","1"
"865","201","1"
"1344","201","1"
"1521","201","2"
"1522","201","1"
"1565","201","1"
"1594","201","1"
"1629","201","1"
"466","202","1"
"631","203","1"
"696","203","2"
"797","203","2"
"827","203","2"
"833","203","2"
"930","203","2"
"962","203","2"
"974","203","2"
"975","203","1"
"1045","203","1"
"1061","203","1"
"1179","203","2"
"1225","203","2"
"1321","203","2"
"1408","203","2"
"1600","203","2"
"1602","203","2"
"481","204","1"
"1205","204","1"
"516","205","1"
"518","205","1"
"528","205","1"
"545","205","2"
"555","205","2"
"640","205","1"
"674","205","2"
"688","205","1"
"709","205","1"
"719","205","1"
"749","205","2"
"750","205","2"
"777","205","2"
"806","205","2"
"861","205","1"
"955","205","1"
"1027","205","2"
"1155","205","1"
"1194","205","2"
"1211","205","1"
"1270","205","1"
"1277","205","1"
"1279","205","2"
"1285","205","2"
"1286","205","2"
"1329","205","1"
"1348","205","2"
"1388","205","2"
"1561","205","2"
"1569","205","2"
"1588","205","2"
"492","206","1"
"578","206","1"
"580","206","2"
"597","206","1"
"657","206","1"
"846","206","2"
"928","206","1"
"1069","206","2"
"1070","206","1"
"1192","206","1"
"1385","206","2"
"1396","206","1"
"1492","206","2"
"1560","206","2"
"469","207","2"
"521","207","1"
"861","207","2"
"862","207","2"
"1020","207","1"
"1021","207","1"
"1092","207","2"
"1108","207","2"
"825","208","2"
"1138","208","1"
"1191","208","1"
"1244","208","2"
"1534","208","1"
"604","209","1"
"650","209","1"
"743","209","1"
"774","209","1"
"824","209","1"
"996","209","2"
"1232","209","1"
"1320","209","1"
"1479","209","1"
"582","210","1"
"585","210","2"
"673","210","2"
"724","210","1"
"823","210","1"
"839","210","2"
"1110","210","2"
"1138","210","2"
"1178","210","1"
"1225","210","1"
"1260","210","1"
"1321","210","1"
"1351","210","2"
"1378","210","1"
"1380","210","1"
"1465","210","1"
"1535","210","1"
"1539","210","1"
"1575","210","2"
"1600","210","1"
"898","212","2"
"911","212","2"
"1242","212","1"
"917","217","1"
"1636","217","2"
"483","219","2"
"491","219","1"
"533","219","2"
"595","219","2"
"665","219","2"
"801","219","1"
"1080","219","2"
"1283","219","1"
"1490","219","2"
"1533","219","1"
"786","220","1"
"799","220","1"
"805","220","2"
"883","220","1"
"1131","220","2"
"1511","220","2"
"478","221","1"
"915","221","1"
"999","221","1"
"1005","221","1"
"1039","221","1"
"1306","221","2"
"1444","221","1"
"1589","221","2"
"1656","222","2"
"507","223","1"
"523","223","2"
"716","223","1"
"731","223","1"
"735","223","1"
"807","223","1"
"845","223","1"
"853","223","1"
"916","223","1"
"991","223","2"
"1183","223","2"
"1217","223","1"
"1382","223","1"
"1410","223","2"
"1459","223","1"
"1598","223","1"
"1644","223","2"
"1670","223","2"
"478","224","2"
"551","224","2"
"553","224","2"
"566","224","1"
"781","224","2"
"801","224","2"
"918","224","2"
"963","224","1"
"1012","224","1"
"1065","224","1"
"1335","224","1"
"1351","224","1"
"1408","224","1"
"1447","224","2"
"1463","224","1"
"1465","224","2"
"1519","224","1"
"1575","224","1"
"472","225","1"
"497","226","1"
"616","227","1"
"873","227","2"
"914","227","1"
"1117","227","2"
"766","228","1"
"558","229","1"
"578","229","2"
"676","229","2"
"686","229","1"
"1157","229","2"
"1277","229","2"
"1329","229","2"
"1348","229","1"
"1387","229","2"
"1440","229","1"
"1497","229","1"
"1501","229","1"
"1569","229","1"
"528","230","2"
"580","230","1"
"622","230","2"
"935","230","1"
"1030","230","2"
"1091","230","2"
"1429","230","2"
"622","231","1"
"496","232","2"
"503","232","2"
"536","232","1"
"1227","232","2"
"1141","236","2"
"1146","236","1"
"1164","236","1"
"1187","236","2"
"1199","236","1"
"1215","236","2"
"1235","236","2"
"1311","236","2"
"1391","236","2"
"1406","236","2"
"1424","236","2"
"1427","236","2"
"1514","236","2"
"1516","236","1"
"1563","236","1"
"1599","236","2"
"1619","236","1"
"1111","239","2"
"1219","239","1"
"1246","239","1"
"1180","240","2"
"1264","240","1"
"1646","240","2"
"1651","240","1"
"1656","240","1"
"1214","241","2"
"1222","241","1"
"1252","241","1"
"1337","241","2"
"1410","241","1"
"1570","241","2"
"1663","241","1"
"1671","241","1"
"1079","242","2"
"1081","242","2"
"1140","242","1"
"1163","242","2"
"1174","242","2"
"1214","242","1"
"1339","242","1"
"1597","242","1"
"1624","242","1"
"1636","242","1"
"1181","243","2"
"1227","243","1"
"1645","243","2"
"1653","243","2"
"1040","244","1"
"1420","244","2"
"1028","245","1"
"1285","245","1"
"1125","246","2"
"1127","246","2"
"1134","246","1"
"1144","246","1"
"1243","246","1"
"1266","246","1"
"1325","246","2"
"1421","246","1"
"1451","246","2"
"1461","246","1"
"1471","246","1"
"1488","246","1"
"1555","246","2"
"1566","246","2"
"1653","246","1"
"1655","246","2"
"1088","247","1"
"1202","247","1"
"1258","247","2"
"1312","247","1"
"1314","247","2"
"1343","247","1"
"1435","247","1"
"1450","247","1"
"1493","247","1"
"1659","247","1"
"1552","248","1"
"1029","249","2"
"1090","249","1"
"1092","249","1"
"1155","249","2"
"1207","249","1"
"1393","249","1"
"1474","249","2"
"1520","249","1"
"1191","250","2"
"1037","252","2"
"1082","252","2"
"1093","252","1"
"1305","252","1"
"1439","252","1"
"1583","252","1"
"1591","252","1"
"1056","253","1"
"1213","253","2"
"1238","253","2"
"1299","253","1"
"1326","253","2"
"1349","253","2"
"1371","253","1"
"1416","253","1"
"1417","253","1"
"1466","253","2"
"1505","253","2"
"1522","253","2"
"1548","253","2"
"1593","253","2"
"1594","253","2"
"1595","253","2"
"1622","253","1"
"1632","253","2"
"1660","253","2"
"1053","254","2"
"1460","254","2"
"1473","254","1"
"1484","255","2"
"1145","256","1"
"1333","256","2"
"1053","259","1"
"1280","259","1"
"1422","259","2"
"1483","259","1"
"1528","259","2"
"1529","259","2"
"1530","259","2"
"1558","259","1"
"1638","259","1"
"1126","263","2"
"1025","264","2"
"1338","264","2"
"1015","267","1"
"1017","269","1"
"1427","269","1"
"1035","270","1"
"1121","272","1"
"1299","272","2"
"1324","272","1"
"1466","272","1"
"1495","272","2"
"1498","272","2"
"1119","274","1"
"1239","274","2"
"1344","274","2"
"1374","274","1"
"1475","274","1"
"1204","277","1"
"1429","277","1"
"1027","280","1"
"1029","280","1"
"1030","280","1"
"1090","280","2"
"1157","280","1"
"1210","280","1"
"1240","280","2"
"1286","280","1"
"1313","280","1"
"1336","280","2"
"1387","280","1"
"1388","280","1"
"1468","280","1"
"1497","280","2"
"1501","280","2"
"1520","280","2"
"1561","280","1"
"1588","280","1"
"1442","283","1"
"1562","283","1"
"1068","285","1"
"1069","285","1"
"1070","285","2"
"1161","285","1"
"1208","285","1"
"1313","285","2"
"1330","285","1"
"1131","286","1"
"1165","286","1"
"1245","286","1"
"1248","286","1"
"1376","286","2"
"1457","286","1"
"1538","286","1"
"1377","289","2"
"1379","289","1"
"1489","289","1"
"1502","289","1"
"1534","291","2"
"1606","291","1"
"1195","294","2"
"1293","294","1"
"1523","294","2"
"1537","294","1"
"1047","295","1"
"1044","297","1"
"1275","305","1"
"1583","305","2"
"1590","305","1"
"1188","306","1"
"1049","307","2"
"1132","316","1"
"1297","316","1"
"1041","317","2"
"1184","317","2"
"1352","317","2"
"1662","320","1"
