"shooter_id","goalie_id","game_id","is_goal","is_gamewinninggoal","shootout_attempt","id"
"1","59","65","1","0","2","1"
"1","59","69","1","0","1","2"
"1","59","69","0","0","2","3"
"1","28","173","1","0","1","4"
"1","228","179","0","0","1","5"
"1","222","237","1","0","7","6"
"1","222","237","0","0","8","7"
"1","238","251","1","0","2","8"
"1","238","251","0","0","5","9"
"1","155","259","0","0","1","10"
"1","155","259","1","1","5","11"
"1","228","269","0","0","1","12"
"1","228","269","0","0","4","13"
"8","85","163","0","0","4","16"
"11","155","130","0","0","4","17"
"13","59","65","1","1","3","18"
"13","59","69","0","0","3","19"
"13","59","69","0","0","5","20"
"13","155","139","1","0","2","21"
"13","155","139","0","0","4","22"
"13","85","163","0","0","2","23"
"13","85","163","1","0","5","24"
"13","28","173","0","0","2","25"
"13","228","179","0","0","3","26"
"13","6","259","0","0","4","27"
"15","59","65","0","0","1","28"
"15","155","139","1","1","1","29"
"15","85","163","1","0","3","30"
"15","228","179","0","0","4","31"
"15","222","237","0","0","1","32"
"15","238","251","0","0","3","33"
"15","228","269","1","0","7","34"
"15","228","269","1","1","8","35"
"16","59","65","0","0","4","38"
"16","59","69","0","0","4","39"
"16","238","251","1","0","4","40"
"16","155","259","0","0","2","41"
"16","228","269","0","0","6","42"
"18","222","237","0","0","5","43"
"21","48","44","1","0","5","44"
"21","85","55","1","1","4","45"
"21","48","75","0","0","1","46"
"21","228","117","1","1","4","47"
"21","155","130","0","0","3","48"
"21","155","130","1","0","5","49"
"21","155","130","0","0","7","50"
"21","211","136","0","0","3","51"
"21","28","156","0","0","4","52"
"23","48","44","0","0","2","53"
"23","48","75","1","0","4","54"
"25","48","44","1","1","4","55"
"25","85","55","1","0","3","56"
"25","85","55","1","0","5","57"
"25","48","75","1","0","3","58"
"25","228","117","1","0","2","59"
"25","28","156","0","0","3","60"
"26","155","245","0","0","4","61"
"31","64","17","0","0","1","62"
"31","64","17","0","0","2","63"
"31","64","17","1","0","4","64"
"31","64","17","0","0","5","65"
"31","41","35","0","0","1","66"
"31","41","35","0","0","3","67"
"31","41","76","1","0","2","68"
"31","59","106","0","0","1","69"
"31","59","106","1","1","5","70"
"31","64","138","0","0","2","71"
"31","64","138","1","1","5","72"
"31","123","156","1","1","1","73"
"31","123","156","0","0","4","74"
"31","19","163","0","0","2","75"
"31","19","163","1","0","5","76"
"31","19","163","0","0","6","77"
"31","6","173","1","0","1","78"
"31","211","227","1","1","1","79"
"31","211","227","0","0","3","80"
"32","64","17","0","0","6","84"
"32","41","35","0","0","4","85"
"32","22","55","0","0","2","86"
"32","41","76","1","0","4","87"
"32","59","106","0","0","3","88"
"32","64","138","1","0","1","89"
"32","123","156","0","0","2","90"
"32","19","163","0","0","4","91"
"32","6","173","0","0","4","92"
"32","211","227","0","0","4","93"
"33","59","79","1","1","5","94"
"34","28","35","0","0","2","95"
"34","28","35","1","0","4","96"
"34","64","36","0","0","2","97"
"34","85","76","1","0","2","98"
"34","59","79","0","0","4","99"
"34","22","117","1","0","3","100"
"34","123","130","1","0","2","101"
"34","123","130","0","0","6","102"
"34","6","179","0","0","2","103"
"34","134","189","0","0","2","104"
"34","134","189","0","0","4","105"
"34","211","245","0","0","4","106"
"34","6","259","0","0","3","107"
"35","85","76","0","0","5","108"
"36","123","130","1","0","4","109"
"36","123","130","1","1","7","110"
"36","6","139","0","0","3","111"
"36","6","179","0","0","4","112"
"36","134","189","0","0","1","113"
"37","28","35","0","0","1","114"
"37","64","36","0","0","1","115"
"37","85","76","1","0","1","116"
"37","59","79","1","0","1","117"
"37","22","117","0","0","4","118"
"39","59","79","0","0","2","119"
"42","28","35","1","1","3","120"
"42","64","36","0","0","3","121"
"42","85","76","0","0","4","122"
"42","59","79","0","0","3","123"
"42","22","117","0","0","5","124"
"42","6","139","0","0","4","125"
"42","6","179","0","0","5","126"
"42","211","227","0","0","2","127"
"42","211","227","0","0","5","128"
"44","123","130","0","0","5","131"
"53","123","44","0","0","4","132"
"53","122","75","0","0","1","133"
"56","6","65","0","0","3","134"
"57","155","79","1","0","4","135"
"58","123","44","0","0","3","136"
"58","6","65","0","0","4","137"
"58","6","69","0","0","4","138"
"58","122","75","0","0","5","139"
"58","155","79","0","0","2","140"
"58","6","237","0","0","1","141"
"58","6","237","1","0","7","142"
"58","6","237","1","1","8","143"
"58","6","251","1","0","2","144"
"58","6","251","0","0","4","145"
"60","6","69","0","0","2","148"
"61","123","44","1","0","1","149"
"61","6","65","0","0","1","150"
"61","122","75","0","0","2","151"
"61","28","106","0","0","1","152"
"63","123","44","0","0","2","153"
"63","6","69","0","0","3","154"
"63","122","75","0","0","4","155"
"63","155","79","0","0","5","156"
"63","123","136","0","0","4","157"
"63","85","138","0","0","4","158"
"63","228","189","0","0","2","159"
"63","28","227","0","0","2","160"
"63","155","245","0","0","3","161"
"65","123","136","0","0","5","164"
"66","28","17","0","0","1","165"
"73","155","36","0","0","4","168"
"73","28","227","0","0","4","169"
"75","28","17","0","0","4","170"
"75","123","136","1","0","3","171"
"75","85","138","0","0","2","172"
"78","48","75","0","0","2","173"
"78","155","139","0","0","3","174"
"78","85","163","0","0","1","175"
"78","85","163","1","1","6","176"
"78","28","173","1","0","4","177"
"78","228","179","1","1","2","178"
"78","228","179","0","0","5","179"
"78","222","237","0","0","3","180"
"78","155","259","0","0","3","181"
"78","228","269","1","0","2","182"
"78","228","269","0","0","5","183"
"79","48","75","0","0","5","185"
"83","22","55","1","0","3","186"
"83","22","55","0","0","4","187"
"83","59","106","0","0","4","188"
"83","64","138","0","0","4","189"
"83","19","163","1","0","3","190"
"83","6","173","0","0","3","191"
"86","64","36","0","0","4","192"
"86","85","76","0","0","3","193"
"88","6","65","1","0","2","196"
"88","6","69","1","0","1","197"
"88","6","69","1","1","5","198"
"88","155","79","0","0","1","199"
"88","28","106","0","0","2","200"
"88","28","106","0","0","5","201"
"88","6","237","1","0","3","202"
"88","6","237","0","0","5","203"
"88","6","237","0","0","6","204"
"88","6","251","1","1","3","205"
"89","28","17","1","0","3","207"
"89","28","17","0","0","5","208"
"89","123","136","0","0","1","209"
"89","85","138","0","0","1","210"
"98","22","55","0","0","1","211"
"98","41","76","0","0","3","212"
"98","64","138","0","0","3","213"
"100","28","17","0","0","2","214"
"100","155","36","1","1","2","215"
"100","155","36","1","0","5","216"
"100","228","189","1","1","1","217"
"100","228","189","1","0","4","218"
"100","28","227","0","0","3","219"
"100","155","245","0","0","2","220"
"104","48","44","1","0","1","222"
"104","85","55","0","0","1","223"
"104","228","117","1","0","1","224"
"114","48","44","0","0","3","225"
"115","85","55","0","0","2","226"
"115","228","117","0","0","3","227"
"125","155","36","0","0","1","228"
"133","28","17","1","1","6","229"
"133","155","36","0","0","3","230"
"138","122","75","0","0","3","231"
"138","59","106","0","0","2","232"
"138","123","156","0","0","5","233"
"138","6","173","0","0","2","234"
"141","155","79","0","0","3","235"
"142","6","65","0","0","5","236"
"158","41","76","0","0","5","237"
"161","64","17","0","0","3","238"
"161","41","35","0","0","2","239"
"161","41","76","1","0","1","240"
"161","28","106","0","0","4","241"
"169","155","130","0","0","2","242"
"169","211","136","1","1","4","243"
"169","28","156","0","0","5","244"
"181","28","173","1","1","3","245"
"181","211","245","1","1","1","246"
"181","211","245","0","0","3","247"
"181","6","259","0","0","1","248"
"189","155","130","1","0","1","249"
"189","155","130","0","0","6","250"
"189","211","136","1","0","1","251"
"189","211","136","0","0","5","252"
"189","28","156","0","0","1","253"
"192","211","136","0","0","2","254"
"192","28","156","0","0","2","255"
"198","123","156","0","0","3","256"
"201","19","163","0","0","1","257"
"203","211","245","1","0","2","258"
"203","6","259","0","0","2","259"
"205","22","117","0","0","2","260"
"205","123","130","0","0","3","261"
"205","6","139","0","0","2","262"
"205","6","179","0","0","3","263"
"205","134","189","0","0","3","264"
"205","6","269","0","0","2","265"
"205","6","269","0","0","6","266"
"209","123","136","0","0","2","267"
"209","85","138","0","0","5","268"
"210","85","138","1","0","3","269"
"210","228","189","0","0","3","270"
"210","6","259","0","0","5","271"
"224","28","106","0","0","3","272"
"229","6","269","1","0","7","273"
"229","6","269","0","0","8","274"
"231","22","117","1","0","1","275"
"231","123","130","0","0","1","276"
"231","6","139","0","0","1","277"
"231","6","179","0","0","1","278"
"240","6","237","0","0","2","279"
"240","6","251","1","0","1","280"
"241","6","237","0","0","4","282"
"245","6","269","0","0","1","283"
"245","6","269","0","0","4","284"
"246","222","237","1","0","2","285"
"246","222","237","0","0","6","286"
"246","238","251","0","0","1","287"
"246","155","259","0","0","4","288"
"246","228","269","0","0","3","289"
"259","222","237","0","0","4","290"
"280","6","269","1","0","3","292"
"280","6","269","0","0","5","293"
"313","28","227","0","0","5","294"
"313","155","245","0","0","1","295"
"317","28","227","0","0","1","296"
"240","6","273","0","0","1","390"
"1","222","273","0","0","1","391"
"88","6","273","0","0","2","392"
"15","222","273","0","0","2","393"
"58","6","273","1","0","3","394"
"78","222","273","0","0","3","395"
"72","6","273","0","0","4","396"
"15","222","273","1","0","4","397"
"58","6","273","0","0","5","398"
"1","222","273","1","1","5","399"
"100","48","276","0","0","1","400"
"31","211","276","0","0","1","401"
"63","48","276","1","0","2","402"
"42","211","276","1","0","2","403"
"86","48","276","1","0","3","404"
"274","211","276","1","0","3","405"
"63","48","276","0","0","4","406"
"31","211","276","1","0","4","407"
"66","48","276","1","0","5","408"
"42","211","276","0","0","5","409"
"86","48","276","0","0","6","410"
"31","211","276","1","1","6","411"
"203","228","308","0","0","1","412"
"205","155","308","1","0","1","413"
"34","228","308","1","0","2","414"
"249","155","308","0","0","2","415"
"13","228","308","0","0","3","416"
"280","155","308","0","0","3","417"
"224","228","308","0","0","4","418"
"229","155","308","1","1","4","419"
"34","228","308","0","0","5","420"
"34","28","326","0","0","1","886"
"42","155","326","1","0","1","887"
"210","28","326","0","0","2","888"
"31","155","326","0","0","2","889"
"13","28","326","1","0","3","890"
"274","155","326","0","0","3","891"
"34","28","326","0","0","4","892"
"42","155","326","0","0","4","893"
"62","28","326","0","0","5","894"
"31","155","326","0","0","5","895"
"13","28","326","0","0","6","896"
"201","155","326","1","1","6","897"
