"id","scorer_id","game_id","period","time","is_powerplay","is_shorthanded","is_emptynet","is_insurancegoal","is_gamewinninggoal","x_location","y_location"
"1","76","74","1","00:13:58","0","0","0","0","0","513","145"
"3","76","74","2","00:00:18","0","0","0","0","0","541","147"
"4","76","74","2","00:09:48","1","0","0","0","1","531","181"
"5","18","74","2","00:16:12","1","0","0","0","0","42","112"
"6","75","74","3","00:08:53","0","0","0","1","0","519","135"
"7","66","74","3","00:19:12","1","0","0","0","0","537","130"
"8","5","74","4","00:02:15","0","0","0","0","0","61","99"
"9","60","75","1","00:13:57","0","0","0","0","0","404","152"
"10","21","75","2","00:01:02","0","0","0","0","0","142","66"
"11","142","75","2","00:01:43","0","0","0","0","0","474","177"
"12","138","75","2","00:05:14","0","0","0","0","0","510","131"
"13","105","75","2","00:05:39","0","0","0","0","0","78","179"
"14","114","75","2","00:10:57","0","0","0","0","0","121","219"
"15","23","75","2","00:19:56","0","0","0","0","0","97","153"
"16","92","75","3","00:04:44","0","0","0","0","1","44","180"
"17","78","75","3","00:06:44","0","0","0","1","0","128","225"
"18","54","75","3","00:14:37","0","0","0","0","0","449","192"
"19","103","75","3","00:17:11","0","0","1","0","0","339","151"
"20","79","75","4","00:03:02","0","0","0","0","0","83","145"
"22","34","76","1","00:06:29","0","0","0","0","1","533","135"
"23","36","76","1","00:19:57","0","0","0","1","0","511","137"
"24","86","76","1","00:20:00","0","0","0","0","0","547","165"
"25","36","76","4","00:00:28","0","0","0","0","0","86","131"
"27","72","77","1","00:10:46","0","0","0","0","0","62","120"
"28","125","77","1","00:12:43","0","0","0","0","0","91","172"
"29","72","77","1","00:02:16","0","0","0","0","0","57","129"
"30","25","77","2","00:15:16","0","0","0","0","0","545","165"
"31","24","77","2","00:15:58","0","0","0","0","0","393","113"
"32","21","77","2","00:18:52","1","0","0","0","0","429","207"
"33","21","77","3","00:04:58","0","0","0","0","0","405","83"
"34","104","77","3","00:05:46","0","0","0","0","1","528","166"
"35","71","77","3","00:10:59","0","0","0","0","0","111","151"
"36","80","78","1","00:18:37","0","0","0","0","0","51","174"
"38","82","78","2","00:03:30","0","0","0","0","1","75","124"
"39","12","78","3","00:00:26","1","0","0","0","0","396","137"
"40","27","78","3","00:12:05","0","0","0","1","0","79","93"
"41","49","79","1","00:08:21","0","0","0","0","0","111","105"
"42","34","79","3","00:15:48","1","0","0","0","0","555","189"
"43","164","80","1","00:06:55","1","0","0","0","0","504","177"
"44","23","80","1","00:13:35","0","0","0","0","0","123","138"
"45","23","80","1","00:02:31","0","0","0","0","0","99","192"
"46","114","80","2","00:03:34","0","0","0","0","0","106","193"
"47","31","80","2","00:10:43","0","0","0","0","0","507","190"
"48","97","80","3","00:00:48","0","0","0","0","1","118","99"
"49","161","80","3","00:07:43","1","0","0","0","0","72","149"
"50","66","81","1","00:04:43","0","0","0","0","0","151","152"
"51","72","81","1","00:05:18","0","0","0","0","0","133","225"
"52","147","81","1","00:13:03","0","0","0","0","0","556","130"
"53","86","81","1","00:14:03","0","0","0","0","0","504","111"
"54","67","81","2","00:02:28","0","0","0","0","0","58","119"
"55","86","81","2","00:04:42","0","0","0","0","0","542","105"
"56","67","81","2","00:17:35","1","0","0","0","0","198","92"
"57","86","81","3","00:17:46","0","0","0","0","0","500","185"
"58","36","81","3","00:19:54","0","0","0","0","1","473","218"
"59","87","81","4","00:03:13","0","0","0","1","0","548","177"
"60","8","82","1","00:03:34","0","0","0","0","0","93","153"
"61","56","82","2","00:08:03","0","0","0","0","0","400","63"
"62","1","82","3","00:10:07","0","0","0","0","1","50","182"
"63","8","82","3","00:17:16","0","0","0","1","0","59","169"
"64","44","2","1","00:10:43","0","0","0","0","1","456","63"
"65","34","2","3","00:02:53","0","0","0","1","0","486","68"
"66","149","2","3","00:04:57","0","0","0","0","0","550","136"
"67","45","2","3","00:07:42","0","0","0","0","0","544","159"
"68","61","3","2","00:16:24","1","0","0","0","0","115","232"
"69","26","3","2","00:17:45","0","0","0","0","0","507","111"
"70","88","3","3","00:05:18","0","0","0","0","0","441","243"
"71","32","3","3","00:14:23","0","0","0","0","0","66","103"
"72","80","3","4","00:01:04","0","0","0","0","1","491","113"
"73","21","4","1","00:03:58","0","0","0","0","0","518","189"
"74","103","4","1","00:07:54","0","0","0","0","0","503","165"
"75","17","4","2","00:07:59","0","0","0","0","0","108","159"
"76","25","4","2","00:08:54","0","0","0","0","1","466","135"
"77","12","4","3","00:17:20","1","0","0","0","0","163","141"
"78","42","5","1","00:03:58","0","0","0","0","0","53","171"
"79","100","5","2","00:00:38","1","0","0","0","0","535","154"
"80","101","5","2","00:04:57","0","0","0","0","0","520","139"
"81","34","5","2","00:17:28","0","0","0","0","0","153","162"
"82","73","5","3","00:06:34","0","1","0","0","1","535","176"
"83","25","6","1","00:17:21","0","0","0","0","1","42","171"
"84","25","6","3","00:01:47","0","0","0","1","0","212","151"
"85","25","6","3","00:17:13","0","0","1","0","0","396","102"
"86","36","9","1","00:06:08","0","0","0","0","0","475","205"
"88","31","9","1","00:08:14","0","0","0","0","0","115","190"
"89","21","8","1","00:18:00","0","0","0","0","0","54","155"
"91","44","9","3","00:00:26","1","0","0","0","0","203","39"
"93","75","8","2","00:03:43","0","0","0","0","0","514","163"
"94","29","9","3","00:04:58","0","0","0","0","1","440","154"
"95","31","9","3","00:06:03","0","0","0","1","0","529","183"
"96","21","8","2","00:11:11","0","0","0","0","1","58","141"
"97","31","9","3","00:18:53","0","0","1","0","0","213","21"
"98","157","9","2","00:09:47","1","0","0","0","0","400","238"
"99","20","8","3","00:08:43","0","0","0","1","0","62","159"
"100","88","10","1","00:09:29","1","0","0","0","0","538","153"
"101","57","10","1","00:10:17","1","0","0","0","1","550","188"
"102","63","10","1","00:19:44","0","0","0","1","0","506","216"
"103","100","10","2","00:01:38","0","0","0","0","0","59","159"
"104","142","10","2","00:05:40","0","0","0","0","0","525","189"
"105","57","10","3","00:11:34","0","0","0","0","0","543","191"
"106","83","11","2","00:00:33","0","0","0","0","0","170","67"
"107","32","11","2","00:01:02","0","0","0","0","0","88","148"
"108","9","11","2","00:04:15","0","1","0","0","0","526","143"
"109","1","11","2","00:05:46","0","0","0","0","0","541","148"
"111","110","11","4","00:02:17","0","0","0","0","1","549","120"
"112","24","12","1","00:07:14","0","0","0","0","0","205","238"
"113","23","12","1","00:11:22","0","0","0","0","0","111","139"
"114","34","12","2","00:14:23","1","0","0","0","0","552","166"
"115","36","12","3","00:10:49","1","0","0","0","0","551","147"
"116","86","12","4","00:04:01","0","0","0","0","1","485","190"
"117","156","13","1","00:16:50","0","0","0","0","0","81","133"
"118","159","13","1","00:17:07","0","0","0","0","0","212","145"
"119","87","13","2","00:08:14","1","0","0","0","0","390","131"
"120","36","13","3","00:00:11","0","0","0","0","0","466","66"
"121","31","13","3","00:13:46","0","0","0","0","1","81","140"
"122","56","15","1","00:03:41","0","0","0","0","0","93","218"
"123","89","14","1","00:09:00","0","0","0","0","0","64","134"
"124","49","15","1","00:10:55","1","0","0","0","0","51","162"
"125","78","15","2","00:03:21","1","0","0","0","0","431","53"
"126","8","14","2","00:12:38","0","0","0","0","0","522","186"
"127","25","15","2","00:11:20","0","1","0","0","0","554","100"
"128","12","14","2","00:18:38","0","0","0","0","0","467","185"
"129","89","14","3","00:07:45","0","0","0","0","0","55","148"
"130","8","14","3","00:18:10","0","0","0","0","1","527","195"
"131","78","15","4","00:01:57","0","0","0","0","1","506","250"
"132","35","16","1","00:17:12","0","0","0","0","0","421","91"
"133","36","16","2","00:00:26","0","0","0","0","1","459","153"
"134","35","16","2","00:02:04","0","0","0","1","0","494","153"
"135","8","16","3","00:01:12","0","0","0","0","0","83","166"
"136","35","16","3","00:17:07","0","0","1","0","0","346","168"
"137","81","17","1","00:11:21","0","0","0","0","0","75","134"
"138","71","17","2","00:03:01","0","0","0","0","0","533","107"
"139","31","17","2","00:08:20","0","0","0","0","0","67","154"
"140","66","17","3","00:02:32","0","0","0","0","0","446","144"
"141","100","17","3","00:18:36","0","0","0","0","0","542","153"
"142","31","17","3","00:19:42","0","0","0","0","0","58","149"
"143","53","18","1","00:05:00","0","0","0","0","0","27","241"
"144","69","18","1","00:11:08","0","0","0","0","0","465","191"
"145","58","18","1","00:12:00","0","0","0","0","1","104","173"
"146","49","18","3","00:19:17","0","1","1","1","0","584","94"
"147","15","19","1","00:08:38","1","0","0","0","0","478","121"
"148","16","19","1","00:17:37","0","0","0","0","0","555","123"
"149","32","20","1","00:04:12","0","0","0","0","0","443","225"
"150","54","19","2","00:15:34","0","0","0","0","0","45","136"
"151","49","19","3","00:03:46","1","0","0","0","0","63","145"
"152","115","20","2","00:11:51","0","0","0","0","0","51","150"
"153","17","19","3","00:19:08","0","0","0","0","1","553","182"
"154","161","20","3","00:13:54","0","0","0","0","1","540","147"
"155","100","21","2","00:16:31","0","0","0","0","1","54","128"
"156","100","21","3","00:13:16","0","0","0","1","0","33","169"
"157","32","22","1","00:13:37","0","0","0","0","0","38","178"
"159","7","23","1","00:05:35","0","0","0","0","0","202","242"
"160","9","23","1","00:06:05","0","0","0","0","0","515","98"
"161","105","23","1","00:13:07","0","0","0","0","0","87","131"
"162","15","23","1","00:14:27","0","0","0","0","0","513","157"
"163","25","23","2","00:19:22","0","0","0","0","0","506","98"
"164","61","22","3","00:06:10","1","0","0","0","0","503","195"
"165","98","22","4","00:03:30","0","0","0","0","1","68","157"
"166","20","23","3","00:19:07","0","0","0","0","0","532","176"
"167","13","23","4","00:00:52","0","0","0","0","1","473","111"
"168","117","24","1","00:15:47","0","0","0","0","0","416","174"
"169","44","24","3","00:00:23","1","0","0","0","0","53","123"
"170","114","24","4","00:02:56","0","0","0","0","1","546","125"
"171","100","25","1","00:19:06","1","0","0","0","0","48","141"
"172","20","25","2","00:12:05","0","0","0","0","0","552","128"
"173","67","25","2","00:17:15","0","0","0","0","1","113","140"
"174","76","25","3","00:11:24","0","0","0","1","0","56","160"
"175","100","25","3","00:11:40","0","0","0","0","0","59","129"
"176","62","26","1","00:07:37","0","0","0","0","0","201","81"
"177","49","26","3","00:02:20","0","0","0","0","0","66","175"
"178","56","26","3","00:09:13","1","0","0","0","0","182","141"
"179","42","26","3","00:14:54","0","0","0","0","0","491","201"
"180","35","26","3","00:15:38","0","0","0","0","0","553","113"
"181","34","26","3","00:16:33","1","0","0","0","0","521","159"
"182","34","26","4","00:02:12","0","0","0","0","1","489","225"
"183","83","27","1","00:15:59","0","0","0","0","0","501","182"
"184","18","27","3","00:04:12","0","0","0","0","0","125","153"
"185","32","27","4","00:02:36","0","0","0","0","1","507","165"
"186","75","29","1","00:14:13","0","0","0","0","0","476","177"
"187","51","28","1","00:05:29","0","0","0","0","0","459","194"
"188","100","29","2","00:11:49","1","0","0","0","0","512","168"
"189","100","29","2","00:17:07","0","0","0","0","0","525","161"
"191","16","29","3","00:06:04","0","0","0","0","0","111","128"
"192","68","29","3","00:07:28","0","0","0","0","1","447","165"
"193","1","29","3","00:08:25","0","1","0","0","0","83","191"
"194","100","29","3","00:17:32","0","0","1","1","0","523","181"
"195","9","29","3","00:18:32","0","0","0","0","0","177","224"
"196","79","28","3","00:03:35","0","0","0","0","1","213","279"
"197","114","28","2","00:02:35","1","0","0","0","0","43","165"
"198","65","30","3","00:05:11","0","0","0","0","1","66","165"
"199","89","30","3","00:15:21","0","0","0","1","0","119","174"
"200","125","30","3","00:15:53","0","0","1","0","0","227","142"
"201","103","31","1","00:18:33","0","0","0","0","0","543","174"
"202","53","31","2","00:10:04","0","0","0","0","0","45","173"
"203","25","31","2","00:19:41","0","0","0","0","1","529","183"
"204","86","32","1","00:14:59","0","0","0","0","0","526","158"
"205","12","32","3","00:18:56","0","0","0","0","0","179","211"
"206","34","32","4","00:02:28","0","0","0","0","1","490","115"
"207","26","33","1","00:03:41","1","0","0","0","0","52","154"
"208","20","33","1","00:17:42","0","0","0","0","0","537","154"
"209","158","33","2","00:14:06","0","0","0","0","1","49","159"
"216","34","35","1","00:02:43","1","0","0","0","0","99","207"
"217","8","34","1","00:07:35","0","0","0","0","0","160","96"
"218","88","34","1","00:16:35","0","0","0","0","0","554","143"
"219","34","35","1","00:18:47","0","1","0","0","0","88","147"
"220","78","34","2","00:00:45","0","0","0","0","1","200","234"
"221","32","35","2","00:16:04","1","0","0","0","0","483","245"
"223","98","35","3","00:08:29","0","0","0","0","0","494","108"
"224","13","34","3","00:13:49","0","0","0","1","0","99","198"
"226","73","36","3","00:12:34","0","0","0","0","0","85","126"
"227","44","36","3","00:19:52","0","0","0","0","0","543","159"
"228","161","37","1","00:09:12","1","0","0","0","0","93","114"
"229","141","37","1","00:10:45","0","0","0","0","0","543","153"
"230","26","37","2","00:18:12","0","1","0","0","0","54","147"
"231","80","37","3","00:02:10","0","0","0","0","0","114","153"
"232","63","37","3","00:04:32","0","0","0","0","0","560","127"
"233","26","37","3","00:08:30","0","0","0","0","1","94","157"
"234","88","37","3","00:13:33","1","0","0","0","0","547","195"
"235","26","37","3","00:15:25","0","0","0","1","0","99","91"
"236","98","37","3","00:16:44","0","0","1","0","0","143","87"
"237","17","38","2","00:08:39","0","0","0","0","1","60","154"
"238","109","38","3","00:19:52","0","0","1","1","0","396","196"
"239","76","40","1","00:05:45","0","0","0","0","0","505","144"
"240","11","40","1","00:07:37","0","0","0","0","0","100","75"
"241","68","40","2","00:02:01","1","0","0","0","0","166","155"
"242","90","40","2","00:11:32","0","0","0","0","0","394","218"
"243","75","40","3","00:15:00","0","0","0","0","0","544","176"
"244","11","40","3","00:19:38","0","0","0","0","0","188","193"
"245","75","40","4","00:03:46","0","0","0","0","1","130","62"
"246","56","39","1","00:02:30","0","0","0","0","0","48","134"
"247","137","39","2","00:10:12","0","1","0","0","0","88","178"
"248","33","39","2","00:10:50","0","0","0","0","0","521","168"
"249","87","39","3","00:09:28","1","0","0","0","0","491","165"
"250","57","39","3","00:15:54","0","0","0","0","1","51","129"
"251","49","39","3","00:19:56","0","0","1","1","0","385","153"
"252","100","41","1","00:12:53","1","0","0","0","0","534","148"
"253","31","42","1","00:03:51","0","0","0","0","0","90","123"
"254","69","41","2","00:02:46","0","0","0","0","0","504","171"
"255","89","41","2","00:04:43","0","0","0","0","1","553","145"
"256","126","41","2","00:05:14","0","0","0","1","0","477","146"
"257","57","41","2","00:11:16","0","0","0","0","0","38","165"
"258","168","42","2","00:04:50","0","0","0","0","1","57","105"
"259","13","42","2","00:14:55","0","0","0","0","0","470","117"
"260","50","41","3","00:05:49","0","0","0","0","0","76","149"
"261","66","41","3","00:18:27","0","0","1","0","0","412","257"
"262","83","42","3","00:02:29","0","0","0","1","0","196","61"
"263","23","43","2","00:01:33","0","0","0","0","1","535","166"
"264","114","43","2","00:03:55","1","0","0","1","0","476","195"
"265","114","44","1","00:07:23","0","0","0","0","0","52","176"
"266","61","44","1","00:12:41","1","0","0","0","0","495","154"
"268","88","44","1","00:15:26","0","0","0","0","0","503","176"
"269","104","44","1","00:11:22","0","0","0","0","0","66","184"
"270","88","44","2","00:00:52","1","0","0","0","0","524","137"
"271","104","44","3","00:08:51","0","0","0","0","0","136","125"
"272","74","45","1","00:03:25","0","0","0","0","0","80","147"
"273","81","46","1","00:11:03","0","0","0","0","0","515","171"
"274","27","46","1","00:05:30","0","0","0","0","0","493","135"
"275","156","46","1","00:15:37","0","0","0","0","0","524","104"
"276","100","45","1","00:17:37","0","0","0","0","1","103","209"
"278","36","46","1","00:16:49","1","0","0","0","0","61","180"
"279","66","45","2","00:16:34","0","0","0","1","0","181","181"
"280","42","46","2","00:14:28","1","0","0","0","0","95","123"
"281","31","46","3","00:04:23","0","0","0","0","1","524","186"
"282","10","45","3","00:14:25","0","0","0","0","0","399","135"
"283","36","46","3","00:08:06","1","0","0","0","0","67","169"
"284","89","47","1","00:01:20","0","0","0","0","1","63","136"
"285","72","47","3","00:03:47","0","0","0","1","0","162","51"
"286","73","47","3","00:18:54","0","1","1","0","0","98","136"
"287","1","48","1","00:03:57","0","0","0","0","0","29","235"
"288","37","48","2","00:16:21","0","0","0","0","0","549","187"
"289","87","48","2","00:18:28","0","0","0","0","0","387","275"
"290","58","49","1","00:19:23","1","0","0","0","0","522","199"
"291","18","48","3","00:05:22","0","0","0","0","0","98","169"
"292","1","48","4","00:01:48","0","0","0","0","1","51","142"
"293","63","49","2","00:13:15","0","0","0","0","0","471","104"
"294","32","49","3","00:11:10","1","0","0","0","0","179","232"
"295","62","49","3","00:13:24","1","0","0","0","1","393","190"
"296","168","49","3","00:17:02","0","0","0","0","0","84","133"
"297","57","49","3","00:18:55","0","0","1","1","0","513","181"
"298","20","50","1","00:18:12","0","0","0","0","1","79","177"
"299","115","50","2","00:06:43","0","0","0","1","0","49","131"
"300","25","50","3","00:14:43","1","0","0","0","0","113","281"
"301","21","50","3","00:17:57","0","0","1","0","0","466","127"
"302","115","51","1","00:08:32","0","0","0","0","0","107","177"
"303","25","51","1","00:09:35","0","0","0","0","1","205","75"
"304","102","51","2","00:09:13","0","0","0","1","0","62","156"
"305","42","51","2","00:18:20","1","0","0","0","0","529","142"
"306","115","51","3","00:08:49","0","0","0","0","0","75","105"
"307","20","51","3","00:09:05","0","0","0","0","0","80","148"
"308","13","65","1","00:03:05","0","0","0","0","0","45","161"
"309","53","65","1","00:15:20","1","0","0","0","0","510","92"
"310","89","66","1","00:07:11","0","0","0","0","0","500","177"
"311","30","66","1","00:13:42","0","0","0","0","0","93","209"
"312","68","66","2","00:06:11","0","0","0","0","1","547","252"
"313","167","52","1","00:11:21","1","0","0","0","0","489","109"
"314","63","53","1","00:17:31","0","0","0","0","1","531","95"
"315","67","52","3","00:02:14","1","0","0","0","0","141","167"
"316","100","52","3","00:07:05","1","0","0","0","1","114","143"
"317","58","53","3","00:17:23","0","0","0","1","0","508","157"
"318","53","53","3","00:18:58","0","0","1","0","0","354","123"
"319","100","54","2","00:08:56","0","0","0","0","0","462","159"
"320","100","54","2","00:12:07","0","1","0","0","0","533","177"
"321","63","54","2","00:19:55","1","0","0","0","0","90","137"
"322","61","54","3","00:00:38","0","0","0","0","0","43","133"
"323","58","54","3","00:08:24","0","0","0","0","0","54","131"
"324","63","54","3","00:14:58","0","0","0","0","1","79","106"
"325","75","54","3","00:16:21","0","0","0","0","0","579","53"
"326","63","54","3","00:18:32","0","0","1","1","0","216","143"
"327","84","55","1","00:02:36","0","0","0","0","0","526","158"
"328","98","55","1","00:05:53","0","0","0","0","0","535","163"
"329","90","55","2","00:05:40","0","0","0","0","0","222","186"
"330","24","55","2","00:06:04","0","0","0","0","0","135","212"
"332","35","56","2","00:02:12","1","0","0","0","0","61","151"
"333","37","56","2","00:05:29","1","0","0","0","0","58","175"
"334","15","56","2","00:06:27","0","0","0","0","0","549","100"
"335","35","56","3","00:07:14","1","0","0","0","1","49","172"
"336","18","56","3","00:10:15","0","0","0","0","0","490","128"
"337","30","58","1","00:07:22","1","0","0","0","0","57","134"
"338","31","58","1","00:17:52","1","0","0","0","0","92","182"
"339","25","58","2","00:04:59","1","0","0","0","0","465","46"
"340","23","58","2","00:09:23","0","0","0","0","0","541","165"
"341","91","58","2","00:10:47","0","0","0","0","0","536","171"
"342","2","57","2","00:14:28","0","0","0","0","0","142","132"
"343","78","57","2","00:17:45","0","0","0","0","1","150","249"
"344","67","57","3","00:09:03","0","0","0","0","0","513","216"
"345","32","58","3","00:17:37","0","0","0","0","0","147","242"
"346","30","58","3","00:19:14","1","0","0","0","1","141","147"
"347","76","67","1","00:09:43","0","0","0","0","0","450","78"
"348","81","67","1","00:19:41","0","0","0","0","0","105","162"
"349","75","67","2","00:00:40","0","0","0","0","0","385","27"
"350","83","67","2","00:19:34","1","0","0","0","0","190","210"
"351","75","67","4","00:00:13","0","0","0","0","1","483","106"
"352","14","68","2","00:06:13","0","0","0","0","0","554","195"
"353","36","68","2","00:16:49","0","0","0","0","0","54","165"
"354","49","68","3","00:16:51","0","0","0","0","1","537","198"
"355","58","59","1","00:17:14","0","0","0","0","1","34","177"
"356","58","59","2","00:04:07","0","0","0","1","0","64","133"
"357","50","59","2","00:11:01","0","0","0","0","0","67","122"
"358","58","59","3","00:15:39","0","0","0","0","0","66","131"
"359","13","69","1","00:01:30","0","0","0","0","0","546","149"
"360","58","69","1","00:07:43","1","0","0","0","0","45","129"
"361","163","60","1","00:13:09","0","0","0","0","0","291","243"
"362","16","69","1","00:19:01","0","0","0","0","0","553","147"
"363","30","60","2","00:09:10","1","0","0","0","0","44","171"
"364","157","60","2","00:12:33","0","0","0","0","1","62","158"
"365","32","60","2","00:14:46","1","0","0","1","0","185","255"
"366","44","60","2","00:19:47","0","0","0","0","0","529","138"
"367","57","69","3","00:11:14","0","0","0","0","0","44","161"
"368","39","60","3","00:15:41","0","1","0","0","0","563","171"
"369","168","60","3","00:18:37","0","0","1","0","0","356","257"
"370","32","62","2","00:03:13","0","0","0","0","1","496","187"
"372","98","62","3","00:18:12","0","0","0","1","0","507","154"
"373","23","70","2","00:18:50","0","0","0","0","0","63","156"
"374","15","70","3","00:01:42","1","0","0","0","0","471","87"
"375","1","70","3","00:19:57","0","0","0","0","1","547","160"
"376","75","61","1","00:12:26","1","0","0","0","0","491","144"
"377","75","61","1","00:01:05","0","0","0","0","0","516","132"
"378","101","61","2","00:03:56","0","0","0","0","1","535","196"
"379","100","61","2","00:05:27","0","0","0","1","0","435","174"
"380","75","61","3","00:00:56","0","0","0","0","0","537","106"
"381","72","61","3","00:05:29","0","0","0","0","0","531","151"
"382","42","61","3","00:08:40","0","0","0","0","0","57","157"
"383","38","61","3","00:19:12","1","0","0","0","0","201","99"
"384","141","71","1","00:05:12","0","0","0","0","0","38","197"
"385","61","71","1","00:14:24","0","0","0","0","0","105","55"
"386","35","71","2","00:07:24","0","0","0","0","0","59","178"
"387","44","71","2","00:09:16","0","0","0","0","0","79","149"
"388","45","71","2","00:12:20","0","0","0","0","0","45","112"
"389","37","71","2","00:15:57","0","0","0","0","1","49","176"
"390","63","71","3","00:19:01","0","0","0","0","0","524","106"
"391","115","63","1","00:04:14","0","0","0","0","0","514","135"
"392","89","63","1","00:09:44","1","0","0","0","0","81","201"
"393","100","63","2","00:11:10","1","0","0","0","1","80","168"
"394","100","63","3","00:07:21","0","0","0","1","0","64","133"
"395","73","63","3","00:17:55","0","0","1","0","0","165","184"
"396","87","73","1","00:02:44","0","0","0","0","0","114","153"
"397","44","73","1","00:10:09","0","0","0","0","0","163","69"
"398","104","73","1","00:13:51","0","0","0","0","0","549","134"
"399","87","73","2","00:03:47","1","0","0","0","1","168","229"
"400","35","73","2","00:08:56","1","0","0","1","0","105","126"
"401","25","73","3","00:02:21","0","1","0","0","0","555","138"
"402","42","73","3","00:09:01","1","0","0","0","0","46","122"
"403","13","64","1","00:15:19","0","0","0","0","0","43","118"
"404","15","64","1","00:18:42","0","0","0","0","0","107","155"
"405","12","64","2","00:06:23","0","0","0","0","0","46","98"
"406","138","64","3","00:03:43","1","0","0","0","0","533","141"
"407","138","64","3","00:11:30","1","0","0","0","0","429","95"
"408","31","64","3","00:16:51","0","0","0","0","0","561","176"
"409","7","64","3","00:18:40","0","0","0","0","1","195","68"
"410","100","72","1","00:01:05","0","0","0","0","0","77","125"
"411","57","72","1","00:09:38","0","0","0","0","0","557","129"
"412","75","72","1","00:10:48","0","0","0","0","0","56","125"
"413","63","72","2","00:06:26","0","0","0","0","0","548","161"
"414","100","72","3","00:14:17","1","0","0","0","1","47","125"
"415","125","72","3","00:16:51","0","0","1","1","0","292","146"
"416","126","72","3","00:17:36","0","0","1","0","0","77","134"
"417","100","84","1","00:09:47","0","0","0","0","1","158","213"
"418","73","84","2","00:00:55","0","0","0","1","0","64","161"
"419","76","84","2","00:15:05","0","0","0","0","0","81","135"
"420","76","84","3","00:19:22","0","0","0","0","0","53","190"
"421","30","85","2","00:01:07","1","0","0","0","0","37","153"
"422","49","85","3","00:01:48","0","0","0","0","0","537","123"
"423","78","85","4","00:14:25","0","0","0","0","1","561","165"
"424","65","86","3","00:18:35","0","0","0","0","1","68","176"
"425","89","86","3","00:19:50","0","0","1","1","0","114","111"
"426","110","87","1","00:06:48","0","0","0","0","0","573","188"
"427","30","87","2","00:01:58","1","0","0","0","0","42","150"
"428","111","87","6","00:11:44","0","0","0","0","1","551","150"
"429","79","88","2","00:02:12","0","0","0","0","1","214","93"
"430","104","88","2","00:08:39","0","0","0","1","0","62","113"
"432","31","89","1","00:15:39","0","0","0","0","0","519","175"
"433","98","89","2","00:13:35","1","0","0","0","0","398","156"
"434","18","89","3","00:07:06","0","0","0","0","0","75","190"
"435","110","89","3","00:16:17","0","1","0","0","0","102","120"
"436","78","89","4","00:01:02","0","0","0","0","1","76","135"
"437","102","90","5","00:04:27","0","0","0","0","1","42","172"
"438","104","92","2","00:07:29","1","0","0","0","0","513","142"
"439","72","92","2","00:08:07","0","0","0","0","0","62","123"
"440","21","92","3","00:08:30","1","0","0","0","1","489","119"
"441","103","92","3","00:18:48","0","0","1","1","0","277","255"
"442","21","92","3","00:19:45","0","0","1","0","0","509","119"
"443","115","94","1","00:04:38","0","0","0","0","0","554","177"
"444","78","94","1","00:07:08","0","0","0","0","0","55","132"
"445","21","94","2","00:08:04","0","0","0","0","0","429","194"
"446","111","94","2","00:12:50","0","0","0","0","0","138","196"
"447","1","94","2","00:15:11","0","0","0","0","0","117","90"
"448","21","94","2","00:17:10","0","0","0","0","0","538","83"
"449","10","94","2","00:17:25","0","0","0","0","1","190","250"
"450","115","95","1","00:14:25","0","0","0","0","1","491","129"
"451","11","95","1","00:16:21","0","0","0","1","0","511","166"
"453","11","95","3","00:17:31","0","0","1","0","0","337","211"
"454","21","96","1","00:00:59","0","0","0","0","0","70","147"
"455","92","96","1","00:17:38","0","0","0","0","1","54","144"
"456","15","96","2","00:19:58","0","0","0","0","0","543","124"
"457","115","96","3","00:03:29","0","0","0","1","0","44","176"
"458","25","96","3","00:16:10","0","1","1","0","0","58","169"
"459","15","97","5","00:18:36","0","0","0","0","1","475","199"
"460","97","98","2","00:06:14","0","0","0","0","1","561","135"
"461","115","98","3","00:08:08","0","0","0","1","0","545","207"
"462","20","98","3","00:17:54","0","0","1","0","0","508","103"
"463","13","99","1","00:06:35","0","0","0","0","0","59","128"
"464","24","100","1","00:01:02","0","0","0","0","0","200","223"
"466","98","99","1","00:14:39","0","0","0","0","0","558","131"
"467","191","100","2","00:15:16","0","0","0","0","1","101","168"
"468","189","100","2","00:15:30","0","0","0","1","0","81","183"
"469","128","100","2","00:18:11","0","0","0","0","0","487","137"
"470","13","99","2","00:19:04","0","0","0","0","1","57","129"
"471","183","99","3","00:19:15","0","0","1","1","0","195","237"
"472","4","101","1","00:01:31","0","0","0","0","0","123","183"
"473","49","101","1","00:07:18","0","0","0","0","0","436","182"
"474","219","101","2","00:01:39","0","0","0","0","1","61","108"
"475","188","102","1","00:16:10","1","0","0","0","0","539","160"
"476","38","102","1","00:17:56","0","0","0","0","0","190","146"
"477","221","101","2","00:14:06","0","0","0","1","0","81","170"
"478","53","101","2","00:17:47","0","0","0","0","0","81","171"
"479","192","102","2","00:00:55","0","0","0","0","0","539","201"
"480","40","102","2","00:15:25","0","0","0","0","0","86","207"
"481","206","102","2","00:16:03","0","0","0","0","0","65","131"
"482","220","101","3","00:16:35","0","0","0","0","0","66","130"
"483","88","101","3","00:18:49","0","0","0","0","0","94","140"
"484","129","102","3","00:04:29","0","0","0","0","0","530","104"
"485","188","102","4","00:01:45","1","0","0","0","1","471","135"
"486","138","103","1","00:06:59","0","0","0","0","0","72","148"
"487","156","103","1","00:11:25","0","0","0","0","0","79","157"
"488","224","103","1","00:16:19","0","0","0","0","0","534","172"
"489","205","104","1","00:09:21","0","1","0","0","0","495","103"
"490","98","103","2","00:09:43","1","0","0","0","0","153","135"
"491","72","103","2","00:13:26","0","0","0","0","0","466","210"
"492","231","104","2","00:03:18","0","0","0","0","0","509","85"
"493","205","104","2","00:05:39","1","0","0","0","1","473","95"
"494","45","104","2","00:12:30","0","0","0","1","0","551","132"
"495","76","104","2","00:14:21","0","0","0","0","0","63","96"
"496","125","104","2","00:16:08","1","0","0","0","0","87","57"
"497","161","103","3","00:10:13","0","0","0","0","0","529","152"
"498","138","103","3","00:11:47","0","0","0","0","1","54","135"
"499","39","103","3","00:12:39","0","0","0","1","0","192","144"
"500","84","103","3","00:19:42","0","0","1","0","0","408","261"
"501","205","104","3","00:05:14","0","0","0","0","0","510","149"
"502","13","105","1","00:03:00","1","0","0","0","0","496","177"
"503","75","105","1","00:11:50","0","1","0","0","0","51","136"
"504","89","105","3","00:18:22","1","0","0","0","1","54","190"
"505","73","105","3","00:19:48","0","0","1","1","0","57","197"
"506","53","106","1","00:07:49","0","0","0","0","0","533","165"
"507","224","106","2","00:02:20","0","0","0","0","0","561","91"
"508","114","106","2","00:05:35","0","0","0","0","0","128","179"
"509","32","106","2","00:11:28","1","0","0","0","0","125","209"
"510","161","106","2","00:17:28","1","0","0","0","0","504","135"
"511","198","106","3","00:11:20","1","0","0","0","0","130","109"
"512","25","107","1","00:00:21","0","0","0","0","0","78","153"
"513","20","107","1","00:17:46","0","0","0","0","0","52","136"
"514","36","107","2","00:10:01","1","0","0","0","0","422","225"
"515","227","107","2","00:12:59","0","0","0","0","0","544","110"
"516","34","107","3","00:04:35","0","0","0","0","0","552","163"
"517","195","107","3","00:15:47","0","0","0","0","0","97","134"
"518","34","107","4","00:00:19","0","0","0","0","1","529","148"
"519","220","108","1","00:06:08","0","0","0","0","0","45","128"
"520","75","108","1","00:19:04","1","0","0","0","0","448","84"
"521","209","108","2","00:15:22","0","0","0","0","0","543","128"
"522","60","108","3","00:05:42","1","0","0","0","0","150","91"
"523","161","108","3","00:08:53","0","0","0","0","1","49","170"
"524","205","110","1","00:11:32","0","0","0","0","0","531","187"
"525","196","110","2","00:01:05","0","0","0","0","0","64","152"
"526","115","109","2","00:07:25","0","0","0","0","0","555","181"
"527","13","109","3","00:04:01","0","0","0","0","0","82","153"
"528","34","110","3","00:09:09","0","0","0","0","1","507","152"
"529","195","109","3","00:09:22","0","0","0","0","1","413","63"
"530","35","110","3","00:17:46","0","1","1","1","0","298","12"
"531","205","110","3","00:19:42","1","0","0","0","0","498","114"
"532","31","172","2","00:08:02","0","1","0","0","0","469","162"
"533","50","172","2","00:15:11","0","0","0","0","0","85","75"
"534","138","172","2","00:17:57","0","0","0","0","1","526","118"
"535","102","111","1","00:02:50","0","0","0","0","0","553","137"
"536","65","111","1","00:08:23","0","0","0","0","0","50","129"
"537","195","111","2","00:05:35","1","0","0","0","0","531","135"
"538","125","111","2","00:12:05","0","0","0","0","0","58","151"
"539","63","111","2","00:17:41","0","0","0","0","0","71","152"
"540","189","111","2","00:18:41","0","0","0","0","0","477","186"
"541","189","111","3","00:06:39","0","0","0","0","1","528","189"
"542","115","111","3","00:14:47","0","0","0","1","0","429","139"
"543","115","111","3","00:18:13","0","0","1","0","0","502","202"
"544","78","112","1","00:07:31","0","0","0","0","0","109","213"
"545","40","112","1","00:14:01","0","0","0","0","0","520","143"
"546","180","112","1","00:19:17","1","0","0","0","0","123","211"
"547","42","112","2","00:04:50","1","0","0","0","0","465","119"
"548","12","112","3","00:01:07","0","0","0","0","1","98","114"
"549","12","112","3","00:17:59","0","0","0","1","0","149","219"
"550","16","113","2","00:02:18","0","0","0","0","0","72","148"
"551","4","113","2","00:06:49","0","0","0","0","0","525","173"
"552","183","113","2","00:08:02","0","0","0","0","0","50","129"
"553","62","113","2","00:16:16","0","0","0","0","0","457","194"
"554","1","113","3","00:08:26","0","0","0","0","1","77","188"
"555","231","114","2","00:02:57","0","0","0","0","0","54","131"
"556","204","114","2","00:07:17","0","0","0","0","0","57","178"
"557","47","114","2","00:08:12","1","0","0","0","1","188","141"
"558","87","114","2","00:17:53","1","0","0","1","0","165","108"
"559","89","114","3","00:02:39","0","0","0","0","0","544","128"
"560","86","114","3","00:19:26","0","0","0","0","0","515","147"
"561","221","115","1","00:07:51","0","0","0","0","0","504","141"
"562","23","115","1","00:10:50","0","0","0","0","0","39","135"
"564","23","115","2","00:02:59","1","0","0","0","0","93","169"
"565","25","115","2","00:17:14","1","0","0","0","1","205","238"
"566","161","115","3","00:05:28","0","0","0","0","0","549","157"
"567","169","115","3","00:15:06","0","0","0","1","0","102","158"
"568","25","115","3","00:18:19","0","0","1","0","0","74","139"
"569","65","116","1","00:18:39","0","0","0","0","0","103","117"
"570","75","116","1","00:19:21","0","0","0","0","0","69","162"
"571","114","116","2","00:03:52","0","0","0","0","0","486","195"
"572","98","116","2","00:10:09","0","0","0","0","0","520","180"
"573","209","116","2","00:15:26","0","0","0","0","0","75","133"
"574","201","116","3","00:12:51","0","0","0","0","0","519","170"
"575","32","116","4","00:00:15","0","0","0","0","1","537","141"
"576","20","117","1","00:05:09","0","0","0","0","0","453","74"
"577","20","117","1","00:15:42","0","0","0","0","0","502","97"
"578","38","117","2","00:02:57","0","0","0","0","0","142","130"
"579","21","117","2","00:02:15","1","0","0","0","0","498","207"
"580","37","117","2","00:08:59","0","0","0","0","0","99","101"
"581","34","117","3","00:08:55","0","0","0","0","0","45","209"
"582","76","118","1","00:14:13","1","0","0","0","0","75","184"
"583","132","118","2","00:02:06","0","0","0","0","0","84","106"
"584","8","118","2","00:16:36","1","0","0","0","0","525","163"
"585","86","118","3","00:14:20","0","0","0","0","1","147","102"
"586","68","118","3","00:16:50","0","0","1","1","0","88","72"
"587","181","118","3","00:18:55","1","0","0","0","0","553","164"
"588","189","119","1","00:08:58","0","0","0","0","0","61","147"
"589","99","119","1","00:15:35","0","0","0","0","0","405","67"
"590","39","119","1","00:19:22","0","0","0","0","0","559","169"
"591","192","119","2","00:03:17","0","0","0","0","0","52","135"
"592","31","119","2","00:05:54","0","0","0","0","1","544","126"
"594","53","120","1","00:06:15","0","0","0","0","0","525","170"
"595","4","120","2","00:03:26","0","0","0","0","1","485","61"
"596","88","120","2","00:06:53","0","0","0","1","0","529","111"
"597","205","120","3","00:00:23","0","0","0","0","0","76","111"
"598","26","121","1","00:19:23","0","0","0","0","0","42","133"
"599","13","121","2","00:10:30","0","0","0","0","0","531","146"
"600","30","121","2","00:17:12","0","1","0","0","1","91","153"
"601","203","121","2","00:18:27","0","0","0","1","0","131","266"
"602","223","122","2","00:07:12","0","0","0","0","0","468","160"
"604","89","122","3","00:14:01","1","0","0","0","0","93","161"
"605","60","122","3","00:18:50","0","0","0","0","1","458","97"
"606","102","123","2","00:09:06","0","0","0","0","0","53","155"
"607","91","123","2","00:09:49","0","0","0","0","0","96","139"
"608","13","123","3","00:07:05","0","0","0","0","0","555","194"
"609","192","123","3","00:09:35","1","0","0","0","0","81","180"
"610","78","123","3","00:16:43","1","0","0","0","0","539","176"
"611","78","123","3","00:17:32","0","0","0","0","0","529","126"
"612","189","123","4","00:04:47","0","0","0","0","1","46","185"
"613","36","124","1","00:01:10","0","0","0","0","1","542","170"
"614","205","124","2","00:06:44","1","0","0","1","0","549","220"
"615","34","124","2","00:19:20","1","0","0","0","0","465","121"
"616","33","124","3","00:01:52","0","0","0","0","0","533","135"
"617","42","124","3","00:19:28","0","0","0","0","0","507","91"
"618","32","173","1","00:06:28","1","0","0","0","0","561","167"
"619","114","173","1","00:16:36","0","0","0","0","0","525","223"
"620","181","173","2","00:12:45","1","0","0","0","0","52","77"
"621","78","173","3","00:10:58","1","0","0","0","0","49","153"
"622","44","125","1","00:04:35","0","0","0","0","0","87","222"
"623","224","125","1","00:05:54","0","0","0","0","0","536","169"
"624","4","125","1","00:10:07","0","0","0","0","0","549","162"
"625","53","125","2","00:09:07","0","0","0","0","1","555","184"
"626","229","125","3","00:06:05","0","0","0","0","0","139","64"
"627","181","126","1","00:03:41","0","0","0","0","0","551","165"
"629","104","126","1","00:11:40","0","0","0","0","0","76","133"
"630","21","126","4","00:03:20","0","0","0","0","1","117","126"
"631","138","174","1","00:04:53","0","0","0","0","0","540","129"
"632","26","174","2","00:02:26","0","0","0","0","0","525","126"
"633","31","174","2","00:07:48","0","0","0","0","1","506","139"
"634","63","174","2","00:08:29","1","0","0","0","0","125","98"
"635","65","174","3","00:06:53","0","0","0","0","0","127","69"
"636","31","174","3","00:19:09","0","0","1","1","0","243","197"
"637","125","127","1","00:06:48","0","0","0","0","0","82","177"
"638","167","127","1","00:15:55","0","0","0","0","0","537","135"
"639","167","127","4","00:01:45","0","0","0","0","1","437","159"
"640","36","128","4","00:03:37","0","0","0","0","1","63","194"
"641","157","175","1","00:02:33","0","0","0","0","0","520","131"
"642","189","175","1","00:10:19","0","0","0","0","0","150","207"
"644","11","175","2","00:09:30","1","0","0","0","0","111","224"
"645","198","175","2","00:14:37","1","0","0","0","0","582","212"
"646","79","175","3","00:07:27","0","0","0","0","1","144","168"
"647","115","175","3","00:18:21","0","0","0","1","0","68","200"
"648","220","129","1","00:06:12","1","0","0","0","0","102","152"
"649","89","129","1","00:12:39","0","0","0","0","0","519","159"
"650","66","129","2","00:08:46","0","0","0","0","0","435","163"
"651","220","129","2","00:12:59","0","0","0","0","0","15","201"
"652","76","129","3","00:11:04","0","0","0","0","1","543","142"
"653","73","129","3","00:18:02","0","0","1","1","0","342","59"
"654","40","130","1","00:08:45","0","0","0","0","0","53","176"
"655","20","130","2","00:01:32","0","0","0","0","0","525","119"
"656","129","130","3","00:10:39","0","0","0","0","0","403","137"
"657","205","130","3","00:18:59","0","0","0","0","0","61","165"
"658","114","131","1","00:08:05","0","0","0","0","0","75","117"
"659","26","131","2","00:02:00","0","0","0","0","0","81","124"
"660","31","131","2","00:05:52","1","0","0","0","1","51","190"
"661","20","131","2","00:17:22","0","0","0","0","0","545","129"
"662","114","131","3","00:10:22","1","0","0","1","0","51","147"
"663","115","131","3","00:16:16","1","0","0","0","0","397","142"
"664","157","176","2","00:19:29","1","0","0","0","0","68","140"
"665","4","176","3","00:09:21","0","0","0","0","0","531","177"
"666","84","176","3","00:13:47","1","0","0","0","1","118","71"
"667","58","132","1","00:03:19","0","0","0","0","1","507","136"
"668","15","133","1","00:04:27","0","0","0","0","0","60","179"
"669","2","133","1","00:17:48","0","0","0","0","1","82","163"
"670","183","133","3","00:00:58","0","0","0","1","0","57","129"
"671","76","133","3","00:14:50","0","0","0","0","0","527","172"
"672","12","133","3","00:19:46","0","0","1","0","0","530","206"
"673","89","177","1","00:18:34","0","0","0","0","0","86","128"
"674","44","177","2","00:10:31","1","0","0","0","0","453","200"
"675","89","177","2","00:18:47","0","0","0","0","0","91","155"
"676","42","177","3","00:01:01","0","0","0","0","0","501","142"
"677","75","177","3","00:14:06","1","0","0","0","1","85","123"
"678","68","177","3","00:18:21","0","0","1","1","0","507","159"
"679","21","134","1","00:11:04","0","0","0","0","0","139","206"
"680","192","134","1","00:12:30","0","0","0","0","0","58","126"
"681","13","134","2","00:10:54","0","0","0","0","0","513","154"
"682","21","134","2","00:12:43","0","0","0","0","1","130","143"
"683","78","134","3","00:03:36","0","0","0","0","0","537","104"
"684","191","134","3","00:05:54","0","0","0","1","0","53","131"
"685","20","134","3","00:11:14","0","0","0","0","0","47","189"
"686","33","135","1","00:02:04","0","0","0","0","1","555","138"
"687","34","135","1","00:11:54","1","0","0","1","0","523","245"
"688","36","135","3","00:11:08","1","0","0","0","0","552","100"
"689","115","136","1","00:03:40","1","0","0","0","0","75","159"
"690","75","136","1","00:13:04","1","0","0","0","0","529","169"
"691","169","136","2","00:08:50","1","0","0","0","0","192","181"
"692","65","136","3","00:04:12","1","0","0","0","0","461","152"
"693","169","136","3","00:10:21","0","0","0","0","0","113","238"
"694","67","136","3","00:11:55","1","0","0","0","0","423","148"
"695","161","137","1","00:10:02","0","0","0","0","0","528","158"
"696","31","137","2","00:02:10","0","0","0","0","0","118","75"
"697","198","137","2","00:07:31","0","0","0","0","1","110","141"
"698","31","137","2","00:10:12","1","0","0","1","0","105","74"
"699","31","137","3","00:16:16","0","0","1","0","0","90","238"
"700","65","138","1","00:11:12","1","0","0","0","0","558","121"
"701","99","138","1","00:17:07","0","0","0","0","0","46","157"
"702","98","138","2","00:06:57","0","0","0","0","0","101","140"
"703","89","138","2","00:13:13","1","0","0","0","0","493","197"
"704","32","138","3","00:10:13","0","0","0","0","0","145","188"
"705","63","138","3","00:16:27","0","0","0","0","0","543","138"
"706","15","139","1","00:19:47","0","1","0","0","0","95","123"
"708","181","139","3","00:02:48","0","0","0","0","0","88","138"
"709","44","139","3","00:14:36","0","0","0","0","0","518","121"
"710","44","139","3","00:17:59","0","0","0","0","0","500","219"
"711","210","140","1","00:19:28","1","0","0","0","0","109","93"
"712","53","140","2","00:03:40","0","0","0","0","0","545","185"
"713","76","140","2","00:06:39","0","0","0","0","0","50","144"
"714","67","140","2","00:16:21","1","0","0","0","1","78","171"
"715","76","140","3","00:02:48","0","0","0","1","0","104","184"
"716","88","140","3","00:06:14","0","0","0","0","0","535","215"
"717","31","141","2","00:00:34","0","0","0","0","0","528","183"
"718","31","141","2","00:04:34","0","0","0","0","1","532","121"
"719","230","141","3","00:13:53","0","0","0","0","0","96","85"
"720","11","142","1","00:01:23","0","0","0","0","0","499","110"
"721","192","142","2","00:08:40","0","0","0","0","0","517","148"
"722","89","142","2","00:12:00","0","0","0","0","0","39","172"
"724","63","142","2","00:13:54","1","0","0","0","0","47","136"
"725","67","142","4","00:04:56","0","0","0","0","1","52","163"
"726","78","143","1","00:19:57","0","0","0","0","1","440","131"
"727","12","143","3","00:03:18","0","0","0","1","0","439","108"
"728","16","143","3","00:13:48","0","0","0","0","0","548","135"
"729","183","143","3","00:15:45","0","0","0","0","0","481","165"
"730","220","144","1","00:05:45","0","0","0","0","0","80","121"
"731","57","144","1","00:07:48","0","1","0","0","0","77","151"
"732","189","144","1","00:10:07","0","0","0","0","0","486","52"
"733","115","144","1","00:15:32","0","0","0","0","0","477","149"
"734","57","144","2","00:04:51","0","0","0","0","0","60","135"
"735","161","144","2","00:08:11","0","0","0","0","1","127","200"
"736","161","144","2","00:15:19","0","0","0","1","0","69","121"
"737","125","144","2","00:16:21","0","0","0","0","0","110","153"
"738","58","144","3","00:09:30","1","0","0","0","0","171","246"
"739","161","144","3","00:09:52","0","0","0","0","0","101","87"
"740","11","144","3","00:17:48","0","0","0","0","0","425","204"
"741","73","145","1","00:04:06","0","0","0","0","0","56","140"
"742","12","145","2","00:04:58","0","0","0","0","0","488","191"
"743","86","145","2","00:19:40","0","0","0","0","1","90","147"
"744","65","145","3","00:17:31","1","0","0","1","0","69","127"
"745","201","146","1","00:09:25","0","0","0","0","0","62","156"
"746","114","146","1","00:09:59","0","0","0","0","0","98","139"
"747","99","146","1","00:15:47","0","0","0","0","1","57","168"
"748","201","146","1","00:18:34","0","0","0","1","0","211","129"
"749","44","146","2","00:03:40","1","0","0","0","0","518","180"
"750","36","146","2","00:07:12","0","0","0","0","0","543","137"
"751","138","146","3","00:08:55","0","0","0","0","0","74","170"
"752","31","146","3","00:09:24","0","0","0","0","0","69","171"
"753","20","147","1","00:10:54","0","0","0","0","0","538","170"
"754","192","147","1","00:12:49","0","0","0","0","0","479","138"
"756","149","147","2","00:11:09","0","0","0","0","0","68","145"
"757","78","147","3","00:01:36","0","0","0","0","0","81","149"
"758","13","147","3","00:13:23","0","0","0","0","1","105","107"
"759","15","147","3","00:19:51","0","0","1","1","0","290","285"
"760","57","178","1","00:03:48","1","0","0","0","0","42","173"
"761","63","178","2","00:15:54","1","0","0","0","0","469","151"
"762","210","178","2","00:19:36","1","0","0","0","0","504","93"
"763","161","178","3","00:04:10","1","0","0","0","0","117","104"
"764","63","178","4","00:00:51","0","0","0","0","1","564","159"
"765","15","148","1","00:11:40","1","0","0","0","0","495","81"
"766","36","148","2","00:03:34","1","0","0","0","0","141","198"
"767","13","148","2","00:14:27","0","0","0","0","1","459","127"
"768","16","148","3","00:07:36","0","0","0","1","0","567","183"
"769","13","148","3","00:17:45","0","0","0","0","0","447","213"
"770","97","149","1","00:18:43","0","0","0","0","1","512","163"
"771","20","149","2","00:10:43","0","0","0","1","0","488","135"
"772","104","149","3","00:14:27","0","0","0","0","0","509","145"
"773","104","149","3","00:19:35","0","0","1","0","0","207","15"
"774","89","150","2","00:07:53","0","0","0","0","0","175","165"
"775","210","150","2","00:13:12","1","0","0","0","1","519","110"
"776","89","150","3","00:09:19","1","0","0","1","0","489","199"
"777","34","150","3","00:09:57","0","0","0","0","0","63","117"
"778","210","150","3","00:11:17","1","0","0","0","0","536","171"
"779","17","151","1","00:08:18","0","0","0","0","0","500","122"
"780","15","151","1","00:16:12","0","1","0","0","0","510","150"
"781","223","151","3","00:16:27","1","0","0","0","0","115","112"
"782","161","151","3","00:19:57","0","0","0","0","0","117","180"
"783","78","151","4","00:04:12","0","0","0","0","1","485","153"
"784","219","152","1","00:09:08","0","0","0","0","0","47","129"
"785","32","152","2","00:07:50","1","0","0","0","0","550","134"
"786","53","152","2","00:16:41","0","0","0","0","1","39","114"
"787","53","152","3","00:18:53","0","0","1","1","0","405","272"
"788","115","153","1","00:06:20","1","0","0","0","0","69","163"
"789","73","153","2","00:11:58","1","0","0","0","0","525","150"
"790","65","153","3","00:07:13","0","0","0","0","1","508","155"
"791","205","179","1","00:02:09","0","0","0","0","0","116","142"
"792","8","179","1","00:06:27","0","0","0","0","0","448","109"
"793","36","179","1","00:19:10","0","0","0","0","0","46","131"
"794","110","179","2","00:19:23","1","0","0","0","0","50","138"
"795","65","154","1","00:04:10","0","0","0","0","0","498","215"
"796","198","154","2","00:04:01","0","0","0","0","0","55","193"
"797","31","154","2","00:15:06","0","0","0","0","1","140","147"
"798","32","154","3","00:19:00","0","0","1","1","0","53","156"
"799","57","155","1","00:03:15","0","0","0","0","0","49","166"
"800","44","155","1","00:17:39","0","0","0","0","0","454","26"
"801","217","155","2","00:02:30","0","0","0","0","0","181","178"
"802","34","155","2","00:09:42","0","0","0","0","0","511","152"
"803","205","155","2","00:14:12","0","0","0","0","0","499","98"
"804","4","155","2","00:17:58","0","0","0","0","0","107","155"
"805","53","155","3","00:05:21","0","0","0","0","0","46","167"
"806","42","155","3","00:07:42","1","0","0","0","0","565","128"
"807","57","155","4","00:00:36","0","0","0","0","1","87","123"
"808","84","180","1","00:00:36","0","0","0","0","0","187","206"
"809","110","180","1","00:07:39","0","0","0","0","0","472","208"
"810","167","180","2","00:06:33","0","0","0","0","0","531","117"
"811","84","180","3","00:13:01","0","0","0","0","0","188","226"
"812","32","180","4","00:04:43","0","0","0","0","1","59","156"
"813","32","156","2","00:00:17","0","0","0","0","0","60","167"
"814","21","156","2","00:16:18","1","0","0","0","0","500","167"
"815","37","157","1","00:07:21","0","0","0","0","0","503","183"
"816","15","157","1","00:14:48","0","0","0","0","0","86","163"
"817","13","157","2","00:01:36","1","0","0","0","0","169","162"
"818","13","157","2","00:12:16","0","0","0","0","1","96","163"
"819","205","157","2","00:14:22","1","0","0","0","0","435","96"
"820","78","157","3","00:14:54","0","0","0","1","0","105","166"
"821","13","157","3","00:19:52","0","0","1","0","0","69","132"
"823","100","158","1","00:05:48","1","0","0","0","0","58","128"
"824","74","158","2","00:07:02","0","0","0","0","1","37","148"
"825","66","158","2","00:08:01","0","0","0","1","0","48","135"
"826","100","158","2","00:16:04","1","0","0","0","0","155","214"
"827","31","158","3","00:16:00","0","0","0","0","0","533","139"
"828","20","181","1","00:05:47","0","0","0","0","1","47","137"
"829","192","181","1","00:15:33","0","0","0","1","0","49","136"
"830","104","181","1","00:17:23","0","0","0","0","0","57","150"
"831","11","181","3","00:00:37","0","0","0","0","0","76","150"
"832","115","181","3","00:18:27","0","0","1","0","0","168","88"
"833","31","182","1","00:03:41","0","0","0","0","0","489","139"
"834","157","182","1","00:07:39","0","0","0","0","0","548","159"
"835","16","182","1","00:14:25","0","0","0","0","0","87","111"
"836","110","182","2","00:12:59","0","0","0","0","0","128","133"
"837","196","182","4","00:00:21","0","0","0","0","1","514","201"
"838","192","159","1","00:05:26","0","0","0","0","0","467","146"
"839","67","159","2","00:18:55","0","0","0","0","0","143","75"
"840","20","159","4","00:02:39","0","0","0","0","1","550","135"
"841","58","160","1","00:15:59","1","0","0","0","0","53","160"
"842","101","160","2","00:13:41","0","0","0","0","0","70","134"
"843","21","160","3","00:11:05","0","0","0","0","0","429","57"
"844","169","160","3","00:13:18","0","0","0","0","0","406","113"
"845","101","160","3","00:15:58","0","1","0","0","1","71","152"
"846","42","161","1","00:07:43","0","0","0","0","0","546","141"
"847","98","161","2","00:01:30","0","0","0","0","0","513","180"
"848","205","161","2","00:12:24","0","0","0","0","0","69","129"
"849","84","161","3","00:07:38","1","0","0","0","0","431","243"
"851","229","161","4","00:01:54","1","0","0","0","1","123","135"
"852","15","162","2","00:08:34","1","0","0","0","0","479","173"
"853","161","162","2","00:19:59","0","0","0","0","0","45","141"
"854","17","162","3","00:02:42","0","0","0","0","0","543","171"
"855","13","162","3","00:12:10","0","0","0","0","1","518","136"
"856","149","162","3","00:18:10","0","0","1","1","0","554","155"
"857","49","162","3","00:19:11","0","0","1","0","0","498","169"
"858","142","162","3","00:19:30","0","0","0","0","0","53","141"
"859","25","183","1","00:06:08","1","0","0","0","0","451","99"
"860","87","183","1","00:09:59","0","0","0","0","0","55","165"
"861","40","183","1","00:14:11","0","0","0","0","1","46","120"
"862","36","183","2","00:03:25","0","0","0","1","0","58","149"
"863","205","183","3","00:17:37","0","0","1","0","0","299","255"
"864","13","163","1","00:19:08","1","0","0","0","0","97","140"
"865","51","163","2","00:06:08","0","0","0","0","0","529","149"
"866","78","163","2","00:11:47","0","0","0","0","0","97","198"
"867","203","163","2","00:16:44","1","0","0","0","0","444","122"
"868","63","164","1","00:16:11","0","0","0","0","0","87","110"
"870","63","164","2","00:01:20","0","0","0","0","1","76","123"
"871","34","164","2","00:10:39","0","0","0","0","0","558","171"
"872","58","165","1","00:15:28","1","0","0","0","0","564","183"
"873","44","165","2","00:11:00","1","0","0","0","0","148","195"
"874","161","165","2","00:15:11","0","0","0","0","0","422","151"
"875","161","165","2","00:17:29","0","0","0","0","1","568","164"
"876","42","165","3","00:02:03","0","0","0","0","0","29","130"
"877","161","165","3","00:03:55","0","0","0","1","0","549","168"
"878","53","165","3","00:11:27","0","0","0","0","0","516","161"
"879","65","166","2","00:00:52","0","0","0","0","0","447","121"
"880","100","166","2","00:12:10","0","0","0","0","1","529","150"
"881","31","166","3","00:15:15","1","0","0","0","0","132","236"
"882","72","167","1","00:08:41","0","1","0","0","0","65","172"
"883","53","167","1","00:14:06","0","0","0","0","0","46","171"
"884","58","167","2","00:15:58","0","0","0","0","0","78","202"
"885","36","167","3","00:01:25","0","0","0","0","0","417","72"
"886","205","167","3","00:04:27","1","0","0","0","0","535","173"
"887","35","167","3","00:07:43","1","0","0","0","0","400","34"
"888","35","167","3","00:11:09","0","0","0","0","1","451","69"
"889","205","167","3","00:12:24","0","0","0","1","0","539","92"
"890","34","167","3","00:17:56","0","0","1","0","0","188","90"
"891","13","184","1","00:16:28","1","0","0","0","0","58","169"
"892","31","168","1","00:05:50","0","0","0","0","0","523","116"
"894","63","184","3","00:04:07","0","0","0","0","0","584","186"
"895","61","184","3","00:05:41","0","0","0","0","0","504","177"
"896","32","168","2","00:00:24","0","0","0","0","1","549","131"
"897","23","168","2","00:04:09","0","0","0","0","0","104","151"
"898","67","184","3","00:10:16","0","0","0","0","1","518","191"
"899","13","184","3","00:12:53","0","0","0","0","0","39","176"
"900","63","184","3","00:16:26","1","0","0","1","0","471","161"
"902","31","168","3","00:08:16","0","0","0","1","0","525","153"
"903","32","168","3","00:14:40","1","0","0","0","0","491","80"
"904","78","185","1","00:08:24","0","0","0","0","0","114","150"
"905","161","185","3","00:16:26","0","0","0","0","0","512","130"
"906","161","185","3","00:16:58","1","0","0","0","1","541","129"
"907","21","169","1","00:01:01","0","0","0","0","0","75","153"
"908","189","169","1","00:01:43","0","0","0","0","0","43","125"
"909","11","169","2","00:03:55","0","0","0","0","1","196","138"
"910","97","169","2","00:17:53","0","0","0","1","0","62","117"
"911","68","169","3","00:03:32","0","0","0","0","0","517","177"
"912","63","169","3","00:07:35","0","0","0","0","0","524","120"
"913","21","169","3","00:14:16","0","0","0","0","0","39","176"
"914","35","170","1","00:19:48","0","0","0","0","1","495","165"
"915","4","171","1","00:00:45","1","0","0","0","1","490","125"
"916","4","171","2","00:07:42","0","0","0","1","0","408","231"
"917","60","171","2","00:15:29","0","0","0","0","0","387","188"
"918","4","171","3","00:06:29","0","0","0","0","0","489","163"
"919","50","188","1","00:10:38","0","0","0","0","0","116","87"
"920","58","188","1","00:13:55","0","0","0","0","0","61","165"
"921","203","188","1","00:19:38","0","0","0","0","0","417","86"
"922","157","188","3","00:06:02","0","0","0","0","0","526","165"
"923","49","187","1","00:02:35","0","0","0","0","1","59","123"
"924","1","187","1","00:11:47","0","0","0","1","0","103","159"
"925","50","188","3","00:19:47","0","1","0","0","1","94","192"
"926","17","187","2","00:19:54","1","0","0","0","0","73","195"
"927","9","186","2","00:11:07","0","0","0","0","1","537","168"
"928","40","186","3","00:19:52","1","0","1","1","0","523","158"
"929","198","190","2","00:16:47","1","0","0","0","0","50","110"
"930","157","190","3","00:04:48","1","0","0","0","0","60","139"
"931","1","190","3","00:17:14","0","1","0","0","0","532","144"
"932","181","190","3","00:17:53","0","0","0","0","0","507","189"
"933","32","190","4","00:04:17","0","0","0","0","1","123","162"
"934","63","189","1","00:06:07","0","0","0","0","0","126","52"
"935","44","189","1","00:18:08","0","0","0","0","0","494","189"
"936","20","191","2","00:18:43","0","0","0","0","1","468","153"
"937","24","191","3","00:05:38","0","0","0","1","0","410","86"
"938","24","191","3","00:19:26","0","0","1","0","0","135","95"
"956","76","195","1","00:11:59","0","0","0","0","0","79","125"
"957","210","195","2","00:07:47","0","0","0","0","0","81","131"
"958","210","195","2","00:09:42","1","0","0","0","1","157","162"
"959","189","195","2","00:13:56","1","0","0","0","0","531","122"
"960","191","195","3","00:02:33","0","0","0","0","0","525","155"
"961","58","197","1","00:04:54","1","0","0","0","0","532","99"
"962","98","197","1","00:12:13","1","0","0","0","0","67","132"
"963","50","197","2","00:05:07","0","0","0","0","0","500","163"
"964","31","197","2","00:07:12","1","0","0","0","0","106","72"
"965","4","197","3","00:09:17","0","0","0","0","1","433","215"
"966","61","196","1","00:07:11","0","0","0","0","0","50","158"
"967","24","196","2","00:04:41","0","0","0","0","0","548","177"
"968","115","196","2","00:10:57","0","0","0","0","0","544","173"
"969","24","196","2","00:12:59","1","0","0","0","0","410","200"
"970","56","196","2","00:16:56","1","0","0","0","0","127","161"
"971","74","196","2","00:17:23","0","0","0","0","0","57","69"
"972","11","196","3","00:13:47","0","0","0","0","1","525","194"
"973","129","196","3","00:18:49","1","0","0","1","0","535","197"
"974","30","199","1","00:02:25","0","0","0","0","0","66","149"
"975","32","199","2","00:08:35","0","0","0","0","0","122","71"
"976","62","199","3","00:15:26","0","0","0","0","0","412","72"
"977","58","199","3","00:19:18","0","0","0","0","0","537","76"
"978","97","203","1","00:02:33","0","0","0","0","0","131","172"
"979","192","203","1","00:06:56","0","0","0","0","0","111","167"
"980","24","203","1","00:07:48","0","0","0","0","0","158","174"
"981","63","203","1","00:14:58","0","0","0","0","0","545","189"
"982","66","203","2","00:02:28","0","0","0","0","0","401","222"
"983","192","203","2","00:08:20","1","0","0","0","0","65","133"
"984","11","203","2","00:17:35","0","0","0","0","0","144","222"
"985","68","203","2","00:17:57","0","0","0","0","0","523","176"
"986","157","199","7","00:15:33","0","0","0","0","1","78","183"
"987","200","203","3","00:05:47","0","0","0","0","0","399","183"
"988","115","203","3","00:07:20","0","0","0","0","1","107","171"
"989","115","203","3","00:09:21","1","0","0","1","0","54","129"
"990","76","203","3","00:12:04","0","0","0","0","0","496","153"
"991","220","200","3","00:08:42","0","0","0","0","1","49","155"
"992","210","204","1","00:05:28","0","0","0","0","0","530","142"
"993","89","204","2","00:10:33","0","0","0","0","0","459","133"
"994","20","204","2","00:10:47","0","0","0","0","0","128","154"
"995","23","204","2","00:18:48","0","0","0","0","0","123","215"
"996","73","204","3","00:00:58","0","0","0","0","0","519","153"
"997","20","204","3","00:08:33","0","0","0","0","0","54","127"
"998","21","204","4","00:16:00","0","0","0","0","1","201","116"
"999","72","201","1","00:02:00","0","0","0","0","0","60","135"
"1000","53","201","3","00:00:31","0","0","0","0","1","45","141"
"1001","98","201","3","00:14:58","0","0","0","0","0","554","141"
"1002","72","206","2","00:11:34","0","0","0","0","0","49","109"
"1003","190","206","3","00:05:24","0","0","0","0","0","538","139"
"1004","53","206","4","00:02:47","0","0","0","0","1","59","227"
"1005","71","207","3","00:17:25","0","0","0","0","0","77","147"
"1006","189","207","3","00:19:44","1","0","0","0","0","539","166"
"1007","189","207","4","00:16:24","0","0","0","0","1","494","140"
"1008","53","208","1","00:11:38","0","0","0","0","0","550","182"
"1009","24","208","2","00:02:58","0","0","0","0","0","182","129"
"1010","191","208","6","00:09:57","0","0","0","0","1","76","146"
"1011","23","209","2","00:10:10","0","0","0","0","0","57","114"
"1012","161","209","3","00:10:09","0","0","0","0","0","513","137"
"1013","97","209","4","00:12:00","0","0","0","0","1","81","157"
"1015","20","330","1","00:04:27","0","0","0","0","0","519","138"
"1016","188","330","2","00:03:36","1","0","0","0","0","540","128"
"1017","188","330","2","00:15:31","0","0","0","0","1","413","79"
"1018","263","330","3","00:04:21","0","0","0","1","0","537","111"
"1019","23","330","3","00:08:38","1","0","0","0","0","537","177"
"1020","285","330","3","00:12:21","0","0","0","0","0","202","189"
"1021","245","330","3","00:18:21","0","0","0","0","0","148","107"
"1023","30","331","1","00:03:33","0","0","0","0","0","68","152"
"1024","24","331","2","00:02:42","1","0","0","0","0","404","87"
"1025","247","331","2","00:05:07","0","0","0","0","0","524","105"
"1026","206","331","2","00:06:02","0","0","0","0","0","133","186"
"1027","249","331","2","00:15:53","0","0","0","0","1","65","153"
"1028","205","331","3","00:00:34","1","0","0","1","0","106","201"
"1029","205","331","3","00:09:23","0","0","0","0","0","40","89"
"1030","205","331","3","00:12:47","0","0","0","0","0","39","173"
"1031","256","332","1","00:05:07","0","0","0","0","0","543","171"
"1032","18","332","1","00:10:30","0","0","0","0","0","543","166"
"1033","4","332","1","00:11:37","0","0","0","0","0","100","163"
"1034","4","332","2","00:08:21","1","0","0","0","0","50","166"
"1035","5","332","4","00:02:31","0","0","0","0","1","92","80"
"1036","140","333","1","00:19:53","0","0","0","0","1","135","111"
"1037","115","333","2","00:08:03","0","0","0","1","0","19","189"
"1039","217","334","2","00:06:44","0","0","0","0","0","100","188"
"1040","317","334","2","00:16:12","0","0","0","0","0","544","39"
"1041","244","334","2","00:19:15","0","0","0","0","0","555","180"
"1042","37","334","3","00:18:35","0","0","0","0","0","54","118"
"1043","66","334","4","00:02:16","0","0","0","0","1","531","155"
"1044","138","335","1","00:14:19","0","0","0","0","0","481","173"
"1049","140","335","3","00:15:16","0","0","0","0","0","75","161"
"1050","317","336","1","00:06:54","0","1","0","0","1","477","134"
"1051","73","336","3","00:00:21","0","0","0","1","0","521","160"
"1052","73","336","3","00:05:40","0","0","0","0","0","535","139"
"1053","1","337","2","00:02:21","0","0","0","0","0","534","166"
"1054","31","337","2","00:13:59","0","0","0","0","0","131","129"
"1055","276","337","2","00:18:52","0","0","0","0","0","46","111"
"1056","32","337","3","00:06:34","1","0","0","0","1","210","63"
"1057","255","337","3","00:19:13","0","0","0","0","0","479","210"
"1058","20","210","1","00:04:00","0","0","0","0","0","59","140"
"1059","44","210","1","00:17:05","0","0","0","0","0","552","195"
"1060","317","210","3","00:05:44","0","0","0","0","1","507","128"
"1061","210","211","1","00:14:40","0","0","0","0","0","552","144"
"1062","75","211","1","00:17:41","0","0","0","0","0","102","126"
"1063","210","211","1","00:19:04","0","0","0","0","0","459","79"
"1064","227","211","3","00:00:59","0","0","0","0","0","95","165"
"1065","181","211","3","00:13:47","0","0","0","0","0","567","126"
"1066","169","211","3","00:17:57","0","0","0","0","0","54","114"
"1067","114","211","4","00:01:36","0","0","0","0","1","57","190"
"1068","9","212","3","00:07:49","0","0","0","0","1","561","161"
"1069","9","212","3","00:13:39","0","0","0","1","0","546","108"
"1070","9","212","3","00:16:48","0","0","0","0","0","550","147"
"1071","229","212","3","00:19:56","0","1","1","0","0","450","239"
"1072","78","213","1","00:01:13","0","0","0","0","1","63","144"
"1073","12","213","3","00:01:42","1","0","0","1","0","139","105"
"1075","274","214","2","00:00:30","1","0","0","0","1","212","170"
"1076","31","214","2","00:18:45","0","0","0","1","0","83","128"
"1077","42","214","3","00:13:26","0","0","0","0","0","72","172"
"1078","79","214","3","00:19:50","0","0","1","0","0","561","77"
"1079","58","215","1","00:02:25","1","0","0","0","0","165","61"
"1080","220","215","2","00:14:03","0","0","0","0","1","93","155"
"1081","72","215","3","00:01:19","0","0","0","1","0","51","112"
"1082","169","215","3","00:07:12","1","0","0","0","0","417","135"
"1083","221","215","3","00:14:38","0","0","0","0","0","129","148"
"1084","58","215","3","00:18:12","0","1","1","0","0","124","192"
"1085","23","216","1","00:18:08","0","0","0","0","1","507","147"
"1086","23","216","3","00:09:48","0","0","0","1","0","494","105"
"1088","25","216","3","00:13:31","1","0","0","0","0","551","117"
"1089","283","217","1","00:04:08","0","0","0","0","0","70","214"
"1090","205","217","1","00:18:13","0","0","0","0","1","61","178"
"1091","40","217","2","00:00:55","0","0","0","1","0","66","117"
"1092","30","217","2","00:10:19","0","1","0","0","0","59","125"
"1093","11","217","3","00:05:23","0","0","0","0","0","417","159"
"1094","245","217","3","00:08:55","0","0","0","0","0","74","158"
"1095","76","218","1","00:06:26","0","1","0","0","0","76","120"
"1096","259","218","2","00:14:10","0","0","0","0","0","525","124"
"1097","78","218","3","00:10:19","0","0","0","0","1","466","186"
"1098","15","218","3","00:19:38","0","0","1","1","0","505","148"
"1099","20","219","1","00:00:24","0","0","0","0","0","551","175"
"1100","195","219","1","00:03:38","0","0","0","0","1","550","141"
"1101","25","219","1","00:07:00","0","0","0","1","0","519","153"
"1103","20","219","3","00:04:14","0","0","0","0","0","531","145"
"1104","242","219","3","00:05:59","1","0","0","0","0","182","49"
"1105","20","219","3","00:18:31","0","0","1","0","0","326","7"
"1106","259","220","1","00:05:02","0","0","0","0","1","51","186"
"1107","149","220","3","00:06:40","0","0","0","1","0","61","167"
"1108","40","221","1","00:03:15","0","0","0","0","0","530","157"
"1109","34","221","3","00:18:36","1","0","0","0","0","57","189"
"1110","13","221","3","00:18:58","1","0","0","0","1","40","155"
"1111","240","222","1","00:01:45","0","0","0","0","0","508","155"
"1112","63","222","2","00:02:22","1","0","0","0","0","143","173"
"1113","100","222","2","00:12:59","0","0","0","0","1","74","158"
"1114","76","222","3","00:19:20","0","0","1","1","0","434","242"
"1115","114","223","1","00:04:42","0","0","0","0","1","51","165"
"1116","50","223","1","00:16:36","0","0","0","1","0","120","63"
"1117","198","223","1","00:17:39","0","1","0","0","0","109","98"
"1118","114","223","3","00:05:47","1","0","0","0","0","39","162"
"1119","84","224","1","00:08:38","0","0","0","0","0","206","106"
"1121","61","224","2","00:08:36","0","0","0","0","1","58","142"
"1122","244","224","3","00:01:36","0","0","0","0","0","456","208"
"1123","32","224","3","00:05:41","1","0","0","1","0","57","160"
"1124","183","225","1","00:17:03","0","0","0","0","0","114","114"
"1125","12","225","1","00:18:17","0","0","0","0","1","189","256"
"1126","190","225","2","00:03:12","0","0","0","0","0","517","139"
"1127","259","225","2","00:04:01","1","0","0","1","0","75","143"
"1128","17","225","3","00:03:01","1","0","0","0","0","67","175"
"1130","198","226","2","00:03:36","0","0","0","0","1","47","159"
"1131","239","226","3","00:14:17","0","0","0","0","0","521","126"
"1132","200","227","1","00:03:26","0","0","0","0","0","60","132"
"1133","273","227","1","00:12:16","0","0","0","0","0","532","135"
"1134","243","228","2","00:05:27","1","0","0","0","1","519","199"
"1135","97","228","2","00:09:46","0","0","0","1","0","42","157"
"1136","210","229","1","00:19:57","1","0","0","0","0","56","117"
"1137","34","229","2","00:06:25","1","0","0","0","1","55","170"
"1138","34","229","2","00:11:29","0","0","0","1","0","51","129"
"1139","181","229","3","00:18:30","0","0","1","0","0","176","218"
"1140","72","229","3","00:19:21","0","0","0","0","0","457","215"
"1141","20","230","1","00:06:57","0","0","0","0","0","52","147"
"1142","195","230","1","00:12:37","0","0","0","0","0","54","162"
"1143","189","230","2","00:01:28","0","0","0","0","1","39","165"
"1144","256","230","3","00:09:01","0","0","0","0","0","545","141"
"1145","255","230","3","00:09:25","0","0","0","0","0","478","209"
"1146","191","230","3","00:19:10","0","0","1","1","0","292","39"
"1147","23","230","3","00:19:52","0","0","1","0","0","342","271"
"1148","31","231","1","00:10:18","0","0","0","0","0","484","211"
"1149","199","231","2","00:01:48","0","0","0","0","0","519","171"
"1150","11","231","2","00:12:24","0","0","0","0","0","198","88"
"1151","274","231","2","00:15:23","0","0","0","0","1","559","143"
"1152","115","231","3","00:01:07","0","0","0","0","0","77","114"
"1153","4","231","3","00:14:31","0","0","0","1","0","559","131"
"1154","65","232","1","00:09:19","0","0","0","0","0","528","163"
"1155","245","232","1","00:17:37","0","0","0","0","0","141","166"
"1156","76","232","2","00:01:21","1","0","0","0","0","521","104"
"1157","245","232","2","00:06:17","1","0","0","0","0","64","159"
"1158","73","232","2","00:07:36","0","0","0","0","0","517","120"
"1159","65","232","3","00:18:23","0","0","1","0","1","463","99"
"1160","223","233","1","00:09:31","1","0","0","0","0","526","202"
"1161","9","232","3","00:18:44","0","0","0","0","0","80","171"
"1162","189","233","2","00:10:44","0","0","0","0","0","54","212"
"1163","58","233","2","00:19:56","1","0","0","0","0","460","195"
"1164","188","233","3","00:03:56","1","0","0","0","0","168","169"
"1165","241","233","4","00:03:55","0","0","0","0","1","462","153"
"1166","185","234","1","00:04:44","0","0","0","0","0","504","149"
"1167","255","234","1","00:19:55","0","1","0","0","1","488","177"
"1168","12","234","3","00:12:44","1","0","0","1","0","487","189"
"1169","36","234","3","00:19:34","0","0","0","0","0","551","181"
"1170","66","235","1","00:01:38","0","0","0","0","0","74","144"
"1171","63","235","1","00:07:32","0","0","0","0","0","94","112"
"1172","72","235","2","00:06:22","0","0","0","0","0","477","210"
"1173","44","235","2","00:06:08","0","0","0","0","0","97","87"
"1174","57","235","2","00:14:12","1","0","0","0","0","559","132"
"1175","38","235","3","00:04:36","0","0","0","0","0","502","177"
"1176","72","235","4","00:01:24","1","0","0","0","1","520","185"
"1177","42","236","1","00:18:57","0","0","0","0","0","459","108"
"1178","34","236","2","00:03:32","0","0","0","0","0","52","166"
"1179","210","236","3","00:03:23","0","0","0","0","1","81","121"
"1180","219","237","1","00:15:42","0","0","0","0","0","61","153"
"1181","256","237","2","00:12:03","0","0","0","0","0","525","147"
"1182","246","237","2","00:19:40","0","0","0","0","0","513","186"
"1183","240","237","3","00:17:02","0","0","0","0","0","557","163"
"1184","65","238","1","00:18:15","0","0","0","0","0","537","143"
"1185","42","238","2","00:05:20","0","0","0","0","0","100","153"
"1187","247","239","1","00:01:18","1","0","0","0","0","470","174"
"1188","209","239","1","00:03:14","0","0","0","0","0","71","181"
"1189","63","238","2","00:15:16","0","0","0","0","1","506","86"
"1190","21","239","4","00:02:57","0","0","0","0","1","519","202"
"1191","224","240","1","00:05:33","0","0","0","0","0","498","208"
"1192","280","240","1","00:18:23","0","0","0","0","0","496","81"
"1193","138","240","1","00:19:28","0","0","0","0","0","537","159"
"1194","280","240","2","00:13:01","1","0","0","0","0","81","196"
"1195","49","240","3","00:01:47","0","0","0","0","0","91","166"
"1196","285","240","3","00:09:33","0","0","0","0","0","97","171"
"1197","280","240","3","00:16:40","1","0","0","0","1","87","196"
"1198","63","241","1","00:04:55","0","0","0","0","0","75","167"
"1199","191","241","1","00:06:30","0","0","0","0","0","559","166"
"1200","189","241","1","00:12:59","0","0","0","0","1","555","84"
"1201","25","241","2","00:11:58","1","0","0","1","0","465","115"
"1202","20","241","2","00:19:54","0","0","0","0","0","549","161"
"1203","20","241","3","00:16:43","0","0","1","0","0","541","118"
"1204","245","242","1","00:01:21","0","0","0","0","1","62","161"
"1205","147","242","3","00:04:39","0","0","0","1","0","52","159"
"1206","32","243","1","00:03:47","0","0","0","0","0","537","147"
"1207","277","243","1","00:16:16","0","0","0","0","0","62","148"
"1208","30","243","2","00:03:46","0","0","0","0","0","128","136"
"1209","31","243","2","00:06:37","1","0","0","0","0","527","229"
"1210","245","243","2","00:13:24","0","0","0","0","0","103","104"
"1211","40","243","3","00:10:20","0","0","0","0","1","110","195"
"1213","274","243","3","00:19:35","0","0","0","0","0","517","173"
"1214","58","244","1","00:04:01","0","0","0","0","0","53","121"
"1215","23","244","2","00:00:38","1","0","0","0","0","553","131"
"1216","53","244","2","00:05:16","0","0","0","0","0","113","75"
"1217","241","244","2","00:08:54","0","0","0","0","1","47","162"
"1218","49","245","1","00:05:10","0","0","0","0","0","542","144"
"1219","88","244","2","00:11:59","1","0","0","1","0","136","141"
"1220","189","244","2","00:14:25","0","0","0","0","0","555","121"
"1221","100","245","2","00:00:55","0","0","0","0","0","73","117"
"1222","58","244","3","00:17:16","0","0","1","0","0","55","162"
"1224","63","245","3","00:09:55","0","0","0","0","0","54","173"
"1225","34","245","3","00:15:39","0","0","0","0","0","545","157"
"1227","256","246","1","00:04:22","0","0","0","0","0","92","170"
"1228","89","246","1","00:04:45","0","0","0","0","0","507","138"
"1229","78","246","1","00:07:38","0","0","0","0","0","88","166"
"1230","16","246","3","00:00:19","0","0","0","0","0","90","133"
"1231","169","246","3","00:04:21","0","0","0","0","0","522","113"
"1232","11","246","3","00:08:01","1","0","0","0","0","158","159"
"1234","209","246","3","00:11:31","0","0","0","0","1","123","165"
"1235","188","247","2","00:01:09","0","0","0","0","0","493","69"
"1236","31","247","3","00:08:23","0","0","0","0","0","64","122"
"1237","20","247","3","00:18:10","0","0","0","0","0","512","154"
"1238","42","247","3","00:19:31","0","0","0","0","0","35","189"
"1239","31","247","4","00:03:22","0","0","0","0","1","63","105"
"1240","245","248","2","00:02:50","0","0","0","0","1","520","121"
"1241","245","248","3","00:19:53","0","0","1","1","0","223","273"
"1242","16","250","1","00:17:23","0","0","0","0","0","45","171"
"1243","12","250","3","00:00:18","1","0","0","0","1","111","62"
"1244","181","250","3","00:07:14","0","0","0","0","0","507","215"
"1245","223","249","1","00:10:12","0","0","0","0","0","53","118"
"1246","221","249","3","00:05:07","0","0","0","0","0","43","129"
"1247","11","249","3","00:11:13","0","0","0","0","0","524","194"
"1248","58","249","3","00:18:35","0","0","1","0","1","422","69"
"1250","72","249","3","00:19:36","0","0","1","1","0","97","138"
"1251","78","251","1","00:03:01","0","0","0","0","0","59","150"
"1252","58","251","3","00:06:48","0","0","0","0","0","502","107"
"1253","191","252","1","00:17:42","1","0","0","0","0","56","196"
"1254","25","252","2","00:00:40","0","0","0","0","0","45","173"
"1255","253","253","2","00:12:17","0","0","0","0","1","212","260"
"1256","25","252","2","00:13:26","0","0","0","0","1","145","83"
"1257","36","252","2","00:18:25","0","0","0","0","0","495","155"
"1258","21","252","3","00:01:17","0","0","0","1","0","107","111"
"1259","191","252","3","00:07:51","0","0","0","0","0","64","155"
"1260","224","252","3","00:12:56","0","0","0","0","0","545","124"
"1261","247","252","3","00:16:06","0","0","0","0","0","69","202"
"1262","4","254","1","00:03:58","1","0","0","0","0","66","110"
"1263","5","254","1","00:14:18","0","0","0","0","1","55","147"
"1264","223","254","1","00:19:57","1","0","0","0","0","544","152"
"1266","15","255","2","00:00:45","0","0","0","0","0","77","145"
"1267","183","255","3","00:16:54","0","0","0","0","1","55","118"
"1268","73","255","3","00:18:18","0","0","0","0","0","528","168"
"1269","189","256","1","00:08:55","0","0","0","0","0","534","134"
"1270","280","256","1","00:16:24","0","1","0","0","0","64","180"
"1271","23","256","2","00:00:35","0","0","0","0","0","508","98"
"1272","9","256","2","00:04:04","0","0","0","0","0","135","116"
"1273","20","256","4","00:00:52","0","0","0","0","1","543","139"
"1274","56","257","2","00:12:43","1","0","0","0","0","84","87"
"1275","75","257","2","00:13:12","0","0","0","0","0","539","167"
"1276","63","257","4","00:02:16","0","0","0","0","1","100","172"
"1277","245","258","1","00:01:24","1","0","0","0","0","55","154"
"1278","79","258","1","00:19:29","1","0","0","0","0","395","199"
"1279","249","258","2","00:14:47","0","0","0","0","1","141","215"
"1280","12","259","1","00:12:28","1","0","0","0","0","423","203"
"1281","210","259","2","00:05:47","0","0","0","0","0","81","67"
"1282","57","260","1","00:08:37","0","0","0","0","0","433","158"
"1283","72","260","1","00:16:08","0","0","0","0","0","491","207"
"1284","58","260","2","00:06:53","1","0","0","0","0","538","120"
"1285","87","260","2","00:12:40","0","0","0","0","0","76","143"
"1286","30","260","3","00:11:55","1","0","0","0","0","81","149"
"1287","249","260","3","00:13:39","0","0","0","0","0","53","148"
"1288","241","260","4","00:01:29","0","0","0","0","1","547","183"
"1289","76","261","1","00:01:18","0","0","0","0","0","513","196"
"1290","65","261","1","00:02:54","0","0","0","0","0","531","181"
"1291","13","261","1","00:09:52","1","0","0","0","0","48","178"
"1292","181","261","1","00:13:49","0","0","0","0","0","39","165"
"1293","210","261","2","00:04:21","0","0","0","0","0","86","143"
"1294","68","261","2","00:10:30","1","0","0","0","0","406","153"
"1295","49","261","3","00:02:28","0","1","0","0","0","108","164"
"1296","208","261","3","00:05:26","0","0","0","0","1","93","161"
"1297","100","261","3","00:08:10","0","0","0","0","0","522","150"
"1298","36","261","3","00:18:14","0","0","0","1","0","99","147"
"1299","98","262","2","00:18:29","0","0","0","0","0","543","14"
"1300","23","262","3","00:18:58","0","0","0","0","0","52","173"
"1301","31","262","4","00:03:03","0","0","0","0","1","468","200"
"1302","209","263","2","00:05:58","0","0","0","0","1","50","136"
"1303","161","263","2","00:13:31","0","0","0","1","0","52","147"
"1304","75","263","2","00:13:42","0","0","0","0","0","97","87"
"1305","75","263","3","00:03:58","0","0","0","0","0","97","199"
"1306","114","263","3","00:09:35","0","0","0","0","0","63","183"
"1307","98","264","1","00:12:52","0","0","0","0","0","98","101"
"1308","98","264","1","00:19:45","1","0","0","0","1","135","241"
"1309","240","264","2","00:14:14","0","0","0","0","0","534","152"
"1310","42","264","3","00:19:21","0","0","1","1","0","109","103"
"1311","21","265","1","00:06:13","0","0","0","0","0","65","177"
"1312","20","265","1","00:06:25","0","0","0","0","0","80","137"
"1313","245","265","1","00:18:28","0","0","0","0","0","546","169"
"1314","191","265","2","00:09:33","0","0","0","0","1","78","140"
"1315","25","265","2","00:12:59","0","0","0","1","0","87","171"
"1316","277","265","3","00:14:00","0","0","0","0","0","550","179"
"1318","191","265","3","00:17:15","0","0","1","0","0","291","33"
"1319","23","265","3","00:18:40","1","0","0","0","0","45","180"
"1320","198","266","1","00:19:55","0","0","0","0","0","469","37"
"1321","36","266","2","00:13:40","0","0","0","0","0","99","129"
"1322","209","266","3","00:06:23","0","0","0","0","1","546","156"
"1324","274","267","1","00:16:33","0","0","0","0","1","93","171"
"1325","259","269","1","00:09:45","1","0","0","0","0","51","147"
"1326","31","267","2","00:14:25","1","0","0","1","0","56","120"
"1327","4","267","2","00:18:06","1","0","0","0","0","69","122"
"1328","13","268","2","00:05:40","1","0","0","0","0","479","115"
"1329","30","269","2","00:10:19","1","0","0","0","0","555","159"
"1330","245","269","2","00:18:59","0","0","0","0","0","531","155"
"1331","97","269","3","00:00:57","0","0","0","0","0","43","132"
"1332","240","268","3","00:02:02","0","0","0","0","0","96","158"
"1333","16","269","3","00:05:47","1","0","0","0","0","59","114"
"1334","236","270","1","00:04:57","0","0","0","0","0","96","121"
"1335","36","268","3","00:10:03","0","0","0","0","0","493","147"
"1336","245","269","3","00:14:25","0","0","0","0","0","459","81"
"1337","72","268","3","00:14:46","0","0","0","0","0","51","141"
"1338","189","270","1","00:17:07","0","0","0","0","1","138","123"
"1339","72","268","3","00:19:30","1","0","0","0","1","57","169"
"1340","53","268","3","00:19:43","0","0","0","1","0","52","172"
"1341","23","270","1","00:19:59","1","0","0","1","0","32","155"
"1343","189","270","3","00:19:26","0","0","1","0","0","153","199"
