"player_id","game_id","period","time","entering"
"6","4","1","00:00:00","1"
"6","11","1","00:00:00","1"
"6","11","1","00:10:43","0"
"6","11","1","00:10:49","1"
"6","16","2","00:02:04","1"
"6","16","3","00:16:50","0"
"6","16","3","00:17:07","1"
"6","19","1","00:00:00","1"
"6","27","1","00:00:00","1"
"6","32","1","00:00:00","1"
"6","32","3","00:18:27","0"
"6","32","3","00:18:56","1"
"6","34","1","00:00:00","1"
"6","38","1","00:00:00","1"
"6","38","1","00:15:19","0"
"6","38","1","00:15:48","1"
"6","42","1","00:00:00","1"
"6","45","1","00:00:00","1"
"6","45","2","00:20:00","0"
"6","50","1","00:00:00","1"
"6","50","3","00:15:37","0"
"6","50","3","00:17:03","1"
"6","50","3","00:17:25","0"
"6","50","3","00:17:57","1"
"6","56","1","00:00:00","1"
"6","57","1","00:00:00","1"
"6","64","1","00:00:00","1"
"6","65","1","00:00:00","1"
"6","68","1","00:00:00","1"
"6","69","1","00:00:00","1"
"6","82","1","00:00:00","1"
"6","85","1","00:00:00","1"
"6","85","3","00:03:12","0"
"6","85","3","00:03:50","1"
"6","87","1","00:00:00","1"
"6","87","1","00:13:54","0"
"6","87","1","00:13:57","1"
"6","89","1","00:00:00","1"
"6","94","1","00:00:00","1"
"6","95","1","00:00:00","1"
"6","95","3","00:06:28","0"
"6","95","3","00:06:32","1"
"6","95","3","00:17:15","0"
"6","95","3","00:17:31","1"
"6","96","1","00:00:00","1"
"6","96","3","00:15:37","0"
"6","96","3","00:16:50","1"
"6","97","1","00:00:00","1"
"6","98","1","00:00:00","1"
"6","98","3","00:15:19","0"
"6","98","3","00:17:54","1"
"6","105","1","00:00:00","1"
"6","105","3","00:18:34","0"
"6","105","3","00:19:48","1"
"6","109","1","00:00:00","1"
"6","109","3","00:19:06","0"
"6","112","1","00:00:00","1"
"6","113","1","00:00:00","1"
"6","118","1","00:00:00","1"
"6","118","3","00:15:24","0"
"6","118","3","00:16:50","1"
"6","123","1","00:00:00","1"
"6","127","1","00:00:00","1"
"6","133","1","00:00:00","1"
"6","139","1","00:00:00","1"
"6","143","1","00:00:00","1"
"6","145","1","00:00:00","1"
"6","145","3","00:18:20","0"
"6","148","1","00:00:00","1"
"6","151","1","00:00:00","1"
"6","157","1","00:00:00","1"
"6","162","1","00:00:00","1"
"6","171","1","00:00:00","1"
"6","171","3","00:00:00","0"
"6","173","1","00:00:00","1"
"6","179","1","00:00:00","1"
"6","180","1","00:00:00","1"
"6","182","1","00:00:00","1"
"6","184","1","00:00:00","1"
"6","184","3","00:18:34","0"
"6","184","3","00:19:57","1"
"6","185","1","00:00:00","1"
"6","185","1","00:05:35","0"
"6","185","1","00:05:45","1"
"6","185","3","00:17:49","0"
"6","185","3","00:18:25","1"
"6","185","3","00:18:53","0"
"6","213","1","00:00:00","1"
"6","213","2","00:16:38","0"
"6","213","2","00:16:50","1"
"6","218","1","00:00:00","1"
"6","220","1","00:00:00","1"
"6","225","1","00:00:00","1"
"6","228","1","00:00:00","1"
"6","230","1","00:00:00","1"
"6","230","3","00:18:58","0"
"6","230","3","00:19:10","1"
"6","230","3","00:19:43","0"
"6","230","3","00:19:52","1"
"6","237","1","00:00:00","1"
"6","246","1","00:00:00","1"
"6","250","1","00:00:00","1"
"6","251","1","00:00:00","1"
"6","255","1","00:00:00","1"
"6","259","1","00:00:00","1"
"6","269","1","00:00:00","1"
"19","14","1","00:00:00","1"
"19","16","1","00:00:00","1"
"19","16","2","00:02:04","0"
"19","23","1","00:00:00","1"
"19","29","1","00:00:00","1"
"19","45","3","00:00:00","1"
"19","45","3","00:16:00","0"
"19","45","3","00:17:03","1"
"19","45","3","00:19:47","0"
"19","48","1","00:00:00","1"
"19","52","1","00:00:00","1"
"19","52","3","00:18:02","0"
"19","70","1","00:00:00","1"
"19","70","3","00:00:52","0"
"19","70","3","00:00:55","1"
"19","78","1","00:00:00","1"
"19","99","2","00:10:23","1"
"19","99","2","00:10:47","0"
"19","99","2","00:11:05","1"
"19","99","3","00:04:01","0"
"19","99","3","00:04:08","1"
"19","121","1","00:00:00","1"
"19","121","3","00:16:40","0"
"19","126","1","00:00:00","1"
"19","134","1","00:00:00","1"
"19","147","1","00:00:00","1"
"19","147","1","00:20:00","0"
"19","163","1","00:00:00","1"
"19","163","1","00:12:10","0"
"19","163","1","00:12:18","1"
"19","171","3","00:00:00","1"
"22","4","1","00:00:00","1"
"22","8","1","00:00:00","1"
"22","15","1","00:00:00","1"
"22","20","1","00:00:00","1"
"22","20","3","00:18:30","0"
"22","24","1","00:00:00","1"
"22","25","1","00:00:00","1"
"22","31","1","00:00:00","1"
"22","38","1","00:00:00","1"
"22","38","3","00:18:33","0"
"22","38","3","00:19:52","1"
"22","40","1","00:00:00","1"
"22","40","3","00:18:16","0"
"22","40","3","00:19:38","1"
"22","50","1","00:00:00","1"
"22","55","1","00:00:00","1"
"22","59","1","00:00:00","1"
"22","70","1","00:00:00","1"
"22","70","2","00:01:40","0"
"22","70","2","00:01:43","1"
"22","73","1","00:00:00","1"
"22","75","1","00:00:00","1"
"22","75","2","00:13:44","0"
"22","84","1","00:00:00","1"
"22","95","1","00:00:00","1"
"22","96","1","00:00:00","1"
"22","97","1","00:00:00","1"
"22","97","4","00:15:41","0"
"22","97","4","00:15:48","1"
"22","98","1","00:00:00","1"
"22","102","1","00:00:00","1"
"22","102","2","00:12:14","0"
"22","107","1","00:00:00","1"
"22","107","2","00:09:01","0"
"22","107","2","00:09:15","1"
"22","117","1","00:00:00","1"
"22","123","1","00:00:00","1"
"22","131","1","00:00:00","1"
"22","131","3","00:19:28","0"
"22","134","1","00:00:00","1"
"22","144","1","00:00:00","1"
"22","144","2","00:08:11","0"
"22","159","1","00:00:00","1"
"22","159","2","00:05:25","0"
"22","159","2","00:05:49","1"
"22","159","3","00:02:46","0"
"22","159","3","00:03:06","1"
"22","169","1","00:00:00","1"
"22","183","1","00:00:00","1"
"22","191","1","00:00:00","1"
"22","195","1","00:00:00","1"
"22","195","3","00:18:25","0"
"22","204","1","00:00:00","1"
"22","206","1","00:00:00","1"
"22","216","1","00:00:00","1"
"22","219","1","00:00:00","1"
"22","230","1","00:00:00","1"
"22","233","1","00:00:00","1"
"22","233","1","00:15:08","0"
"22","233","1","00:15:17","1"
"22","241","1","00:00:00","1"
"22","241","1","00:08:45","0"
"22","241","1","00:09:23","1"
"22","256","1","00:00:00","1"
"22","256","3","00:01:54","0"
"22","256","3","00:02:06","1"
"22","262","1","00:00:00","1"
"22","262","3","00:18:08","0"
"22","262","3","00:18:58","1"
"22","330","1","00:00:00","1"
"22","330","3","00:00:00","0"
"28","3","1","00:00:00","1"
"28","6","1","00:00:00","1"
"28","6","3","00:16:09","0"
"28","6","3","00:17:13","1"
"28","6","3","00:20:00","0"
"28","11","1","00:00:00","1"
"28","11","2","00:10:31","0"
"28","11","2","00:10:35","1"
"28","13","1","00:00:00","1"
"28","17","1","00:00:00","1"
"28","17","3","00:18:44","0"
"28","17","3","00:19:42","1"
"28","22","1","00:00:00","1"
"28","30","1","00:00:00","1"
"28","30","3","00:15:45","0"
"28","30","3","00:15:53","1"
"28","35","1","00:00:00","1"
"28","37","1","00:00:00","1"
"28","37","1","00:07:43","0"
"28","37","1","00:07:51","1"
"28","37","2","00:06:18","0"
"28","37","2","00:06:28","1"
"28","46","1","00:00:00","1"
"28","46","1","00:17:32","0"
"28","46","1","00:17:36","1"
"28","46","2","00:08:20","0"
"28","46","2","00:08:26","1"
"28","49","1","00:00:00","1"
"28","49","3","00:02:43","0"
"28","49","3","00:02:53","1"
"28","49","3","00:16:45","0"
"28","49","3","00:17:02","1"
"28","49","3","00:18:43","0"
"28","49","3","00:18:55","1"
"28","49","3","00:19:12","0"
"28","60","1","00:00:00","1"
"28","62","1","00:00:00","1"
"28","64","1","00:00:00","1"
"28","64","3","00:16:28","0"
"28","64","3","00:16:51","1"
"28","64","3","00:18:49","0"
"28","66","1","00:00:00","1"
"28","66","3","00:19:28","0"
"28","67","1","00:00:00","1"
"28","67","3","00:03:15","0"
"28","67","3","00:03:18","1"
"28","78","1","00:00:00","1"
"28","85","1","00:00:00","1"
"28","87","1","00:00:00","1"
"28","89","1","00:00:00","1"
"28","99","1","00:00:00","1"
"28","99","2","00:15:21","0"
"28","99","2","00:15:27","1"
"28","99","2","00:20:00","0"
"28","106","1","00:00:00","1"
"28","106","1","00:14:11","0"
"28","106","1","00:14:15","1"
"28","106","3","00:04:27","0"
"28","106","3","00:04:43","1"
"28","110","1","00:00:00","1"
"28","110","3","00:16:54","0"
"28","110","3","00:17:46","1"
"28","119","1","00:00:00","1"
"28","121","1","00:00:00","1"
"28","131","1","00:00:00","1"
"28","137","1","00:00:00","1"
"28","141","1","00:00:00","1"
"28","146","1","00:00:00","1"
"28","152","1","00:00:00","1"
"28","152","3","00:18:15","0"
"28","152","3","00:18:53","1"
"28","152","3","00:19:10","0"
"28","154","1","00:00:00","1"
"28","156","1","00:00:00","1"
"28","158","2","00:08:10","1"
"28","158","2","00:19:58","0"
"28","158","3","00:00:00","1"
"28","161","1","00:00:00","1"
"28","163","1","00:00:00","1"
"28","163","2","00:13:10","0"
"28","173","1","00:00:00","1"
"28","174","1","00:00:00","1"
"28","176","1","00:00:00","1"
"28","176","3","00:20:00","0"
"28","180","1","00:00:00","1"
"28","180","3","00:05:03","0"
"28","180","3","00:05:04","1"
"28","182","1","00:00:00","1"
"28","190","1","00:00:00","1"
"28","190","3","00:15:12","0"
"28","190","3","00:15:27","1"
"28","197","1","00:00:00","1"
"28","197","3","00:18:16","0"
"28","197","3","00:18:30","1"
"28","197","3","00:19:21","0"
"28","199","1","00:00:00","1"
"28","199","4","00:14:23","0"
"28","199","4","00:14:26","1"
"28","200","1","00:00:00","1"
"28","200","3","00:17:40","0"
"28","201","1","00:00:00","1"
"28","201","3","00:18:16","0"
"28","201","3","00:19:34","1"
"28","201","3","00:19:39","0"
"28","213","1","00:00:00","1"
"28","213","3","00:17:09","0"
"28","214","1","00:00:00","1"
"28","214","1","00:02:59","0"
"28","214","1","00:03:08","1"
"28","224","1","00:00:00","1"
"28","224","2","00:02:15","0"
"28","224","2","00:02:21","1"
"28","227","1","00:00:00","1"
"28","236","1","00:00:00","1"
"28","238","1","00:00:00","1"
"28","238","2","00:19:20","0"
"28","238","2","00:19:38","1"
"28","238","3","00:17:37","0"
"28","247","1","00:00:00","1"
"28","247","3","00:18:48","0"
"28","247","3","00:19:31","1"
"28","247","4","00:03:15","0"
"28","253","1","00:00:00","1"
"28","254","1","00:00:00","1"
"28","254","1","00:02:06","0"
"28","254","1","00:02:08","1"
"28","258","1","00:00:00","1"
"28","258","3","00:19:52","0"
"28","262","1","00:00:00","1"
"28","264","1","00:00:00","1"
"28","264","1","00:18:18","0"
"28","264","1","00:18:24","1"
"28","267","1","00:00:00","1"
"28","337","1","00:00:00","1"
"28","337","2","00:19:58","0"
"41","5","1","00:00:00","1"
"41","5","3","00:19:08","0"
"41","13","1","00:00:00","1"
"41","13","3","00:17:52","0"
"41","13","3","00:18:55","1"
"41","13","3","00:19:18","0"
"41","24","1","00:00:00","1"
"41","24","3","00:07:12","0"
"41","24","3","00:08:10","1"
"41","35","1","00:00:00","1"
"41","39","1","00:00:00","1"
"41","39","3","00:18:08","0"
"41","39","3","00:19:56","1"
"41","48","1","00:00:00","1"
"41","53","1","00:00:00","1"
"41","53","3","00:18:28","0"
"41","53","3","00:18:59","1"
"41","61","1","00:00:00","1"
"41","61","3","00:05:29","0"
"41","76","1","00:00:00","1"
"41","104","2","00:10:45","1"
"41","117","1","00:00:00","1"
"41","117","1","00:20:00","0"
"41","234","1","00:00:00","1"
"41","332","1","00:00:00","1"
"48","19","1","00:00:00","1"
"48","19","1","00:17:37","0"
"48","41","2","00:04:43","1"
"48","41","3","00:17:15","0"
"48","41","3","00:18:27","1"
"48","44","1","00:00:00","1"
"48","75","1","00:00:00","1"
"48","99","3","00:00:00","1"
"48","99","3","00:17:04","0"
"48","99","3","00:19:15","1"
"48","231","1","00:00:00","1"
"48","231","3","00:20:00","0"
"48","243","1","00:00:00","1"
"48","243","3","00:16:15","0"
"48","243","3","00:19:35","1"
"48","243","3","00:19:48","0"
"48","337","3","00:00:00","1"
"48","337","3","00:02:04","0"
"48","337","3","00:02:08","1"
"59","3","1","00:00:00","1"
"59","10","1","00:00:00","1"
"59","15","1","00:00:00","1"
"59","18","1","00:00:00","1"
"59","19","1","00:17:37","1"
"59","19","3","00:19:45","0"
"59","22","1","00:00:00","1"
"59","22","3","00:06:52","0"
"59","22","3","00:06:54","1"
"59","26","1","00:00:00","1"
"59","28","1","00:00:00","1"
"59","28","3","00:18:26","0"
"59","31","1","00:00:00","1"
"59","31","3","00:18:45","0"
"59","34","1","00:00:00","1"
"59","34","3","00:16:49","0"
"59","37","1","00:00:00","1"
"59","37","3","00:16:02","0"
"59","37","3","00:16:43","1"
"59","37","3","00:20:00","0"
"59","39","1","00:00:00","1"
"59","41","1","00:00:00","1"
"59","41","2","00:04:43","0"
"59","49","1","00:00:00","1"
"59","49","1","00:17:15","0"
"59","49","1","00:18:16","1"
"59","49","2","00:04:13","0"
"59","49","2","00:04:16","1"
"59","49","2","00:08:15","0"
"59","49","2","00:08:50","1"
"59","53","1","00:00:00","1"
"59","54","1","00:00:00","1"
"59","59","1","00:00:00","1"
"59","62","1","00:00:00","1"
"59","62","3","00:18:40","0"
"59","65","1","00:00:00","1"
"59","69","1","00:00:00","1"
"59","71","1","00:00:00","1"
"59","72","1","00:00:00","1"
"59","72","3","00:14:54","0"
"59","72","3","00:15:41","1"
"59","72","3","00:15:54","0"
"59","72","3","00:16:51","1"
"59","72","3","00:17:15","0"
"59","72","3","00:17:36","1"
"59","72","3","00:17:58","0"
"59","72","3","00:19:08","1"
"59","72","3","00:19:30","0"
"59","79","1","00:00:00","1"
"59","101","1","00:00:00","1"
"59","106","1","00:00:00","1"
"59","106","2","00:16:17","0"
"59","106","2","00:16:19","1"
"59","108","1","00:00:00","1"
"59","113","1","00:00:00","1"
"59","113","3","00:18:05","0"
"59","120","1","00:00:00","1"
"59","122","1","00:00:00","1"
"59","125","1","00:00:00","1"
"59","129","1","00:00:00","1"
"59","129","3","00:17:14","0"
"59","129","3","00:18:02","1"
"59","135","1","00:00:00","1"
"59","135","3","00:16:08","0"
"59","135","3","00:16:51","1"
"59","135","3","00:17:18","0"
"59","137","2","00:10:12","1"
"59","137","3","00:16:08","0"
"59","137","3","00:16:16","1"
"59","140","1","00:00:00","1"
"59","140","1","00:09:41","0"
"59","140","1","00:09:44","1"
"59","140","3","00:18:36","0"
"59","140","3","00:19:37","1"
"59","140","3","00:19:46","0"
"59","144","1","00:00:00","1"
"59","151","1","00:00:00","1"
"59","151","3","00:19:53","0"
"59","151","3","00:19:57","1"
"59","155","1","00:00:00","1"
"59","160","1","00:00:00","1"
"59","160","3","00:11:05","0"
"59","172","1","00:00:00","1"
"59","172","3","00:17:30","0"
"59","176","1","00:00:00","1"
"59","176","3","00:18:25","0"
"59","178","1","00:00:00","1"
"59","181","1","00:00:00","1"
"59","181","1","00:20:00","0"
"59","211","1","00:00:00","1"
"59","211","3","00:17:53","0"
"59","211","3","00:17:57","1"
"59","211","4","00:01:36","0"
"59","215","1","00:00:00","1"
"59","215","3","00:15:26","0"
"59","215","3","00:18:12","1"
"59","220","1","00:00:00","1"
"59","220","3","00:17:34","0"
"59","223","1","00:00:00","1"
"59","231","1","00:00:00","1"
"59","231","3","00:16:24","0"
"59","231","3","00:17:30","1"
"59","231","3","00:17:46","0"
"59","239","1","00:00:00","1"
"59","242","1","00:00:00","1"
"59","242","3","00:16:10","0"
"59","242","3","00:19:14","1"
"59","242","3","00:19:37","0"
"59","246","1","00:00:00","1"
"59","253","1","00:00:00","1"
"59","253","2","00:04:26","0"
"59","253","2","00:04:27","1"
"59","253","3","00:18:14","0"
"59","257","1","00:00:00","1"
"59","266","1","00:00:00","1"
"59","333","1","00:00:00","1"
"59","333","3","00:00:00","0"
"64","2","1","00:00:00","1"
"64","5","1","00:00:00","1"
"64","8","1","00:00:00","1"
"64","8","3","00:18:08","0"
"64","10","1","00:00:00","1"
"64","10","1","00:20:00","0"
"64","14","1","00:00:00","1"
"64","14","1","00:06:23","0"
"64","14","1","00:06:26","1"
"64","14","3","00:18:45","0"
"64","17","1","00:00:00","1"
"64","21","1","00:00:00","1"
"64","25","1","00:00:00","1"
"64","29","1","00:00:00","1"
"64","30","1","00:00:00","1"
"64","30","3","00:02:40","0"
"64","30","3","00:02:44","1"
"64","36","1","00:00:00","1"
"64","40","1","00:00:00","1"
"64","41","1","00:00:00","1"
"64","45","1","00:00:00","1"
"64","47","1","00:00:00","1"
"64","54","1","00:00:00","1"
"64","54","3","00:18:15","0"
"64","54","3","00:18:32","1"
"64","57","1","00:00:00","1"
"64","57","3","00:18:53","0"
"64","61","1","00:00:00","1"
"64","63","1","00:00:00","1"
"64","63","1","00:08:40","0"
"64","63","1","00:08:48","1"
"64","66","1","00:00:00","1"
"64","67","1","00:00:00","1"
"64","72","1","00:00:00","1"
"64","72","3","00:13:11","0"
"64","72","3","00:13:13","1"
"64","74","1","00:00:00","1"
"64","81","1","00:00:00","1"
"64","84","1","00:00:00","1"
"64","86","1","00:00:00","1"
"64","88","1","00:00:00","1"
"64","88","3","00:17:45","0"
"64","88","3","00:18:09","1"
"64","88","3","00:18:16","0"
"64","90","1","00:00:00","1"
"64","92","1","00:00:00","1"
"64","92","3","00:18:17","0"
"64","92","3","00:19:25","1"
"64","92","3","00:19:37","0"
"64","92","3","00:19:45","1"
"64","104","1","00:00:00","1"
"64","104","3","00:18:37","0"
"64","105","1","00:00:00","1"
"64","105","3","00:17:49","0"
"64","105","3","00:17:56","1"
"64","108","1","00:00:00","1"
"64","108","3","00:18:06","0"
"64","111","1","00:00:00","1"
"64","111","3","00:17:27","0"
"64","111","3","00:18:13","1"
"64","114","1","00:00:00","1"
"64","114","2","00:20:00","0"
"64","128","1","00:00:00","1"
"64","129","1","00:00:00","1"
"64","133","1","00:00:00","1"
"64","133","2","00:06:37","0"
"64","133","2","00:06:41","1"
"64","133","3","00:18:35","0"
"64","133","3","00:19:46","1"
"64","133","3","00:20:00","0"
"64","138","1","00:00:00","1"
"64","145","1","00:00:00","1"
"64","150","1","00:00:00","1"
"64","150","3","00:08:02","0"
"64","150","3","00:08:04","1"
"64","153","1","00:00:00","1"
"64","154","1","00:00:00","1"
"64","154","3","00:18:27","0"
"64","154","3","00:19:00","1"
"64","154","3","00:19:42","0"
"64","158","1","00:00:00","1"
"64","158","1","00:05:36","0"
"64","158","1","00:05:39","1"
"64","158","3","00:16:45","0"
"64","158","3","00:17:19","1"
"64","159","1","00:00:00","1"
"64","159","2","00:11:56","0"
"64","159","2","00:12:06","1"
"64","164","1","00:00:00","1"
"64","166","1","00:00:00","1"
"64","169","1","00:00:00","1"
"64","169","3","00:00:00","0"
"64","174","1","00:00:00","1"
"64","174","3","00:18:33","0"
"64","174","3","00:19:09","1"
"64","184","1","00:00:00","1"
"64","187","1","00:00:00","1"
"64","195","1","00:00:00","1"
"64","195","1","00:13:43","0"
"64","195","1","00:13:47","1"
"64","196","1","00:00:00","1"
"64","196","3","00:19:09","0"
"64","203","1","00:00:00","1"
"64","203","3","00:17:49","0"
"64","217","1","00:00:00","1"
"64","226","1","00:00:00","1"
"64","226","3","00:20:00","0"
"64","249","1","00:00:00","1"
"64","249","3","00:18:09","0"
"64","249","3","00:18:35","1"
"64","249","3","00:18:45","0"
"64","249","3","00:18:58","1"
"64","249","3","00:19:06","0"
"64","249","3","00:19:37","1"
"64","263","1","00:00:00","1"
"64","270","1","00:00:00","1"
"64","270","3","00:18:17","0"
"64","270","3","00:18:52","1"
"64","270","3","00:19:16","0"
"64","270","3","00:19:26","1"
"64","335","1","00:00:00","1"
"64","335","3","00:00:00","0"
"70","10","2","00:00:00","1"
"70","18","1","00:00:00","1"
"70","18","3","00:17:44","0"
"70","18","3","00:19:17","1"
"70","52","1","00:00:00","1"
"70","52","3","00:06:30","0"
"70","52","3","00:06:33","1"
"70","77","1","00:00:00","1"
"85","9","1","00:00:00","1"
"85","20","1","00:00:00","1"
"85","27","1","00:00:00","1"
"85","33","1","00:00:00","1"
"85","33","1","00:19:55","0"
"85","33","1","00:20:00","1"
"85","33","2","00:11:15","0"
"85","33","2","00:11:48","1"
"85","42","1","00:00:00","1"
"85","42","3","00:04:18","0"
"85","42","3","00:04:34","1"
"85","47","1","00:00:00","1"
"85","47","3","00:16:35","0"
"85","47","3","00:18:54","1"
"85","55","1","00:00:00","1"
"85","55","2","00:02:10","0"
"85","55","2","00:02:26","1"
"85","58","1","00:00:00","1"
"85","58","3","00:17:11","0"
"85","58","3","00:17:37","1"
"85","76","1","00:00:00","1"
"85","103","1","00:00:00","1"
"85","103","2","00:20:00","0"
"85","116","1","00:00:00","1"
"85","116","1","00:07:56","0"
"85","116","1","00:07:58","1"
"85","138","1","00:00:00","1"
"85","138","2","00:14:40","0"
"85","138","2","00:15:03","1"
"85","149","1","00:00:00","1"
"85","149","1","00:04:28","0"
"85","149","1","00:04:48","1"
"85","149","3","00:16:17","0"
"85","149","3","00:19:35","1"
"85","158","1","00:00:00","1"
"85","158","2","00:08:10","0"
"85","163","2","00:13:10","1"
"85","166","1","00:00:00","1"
"85","166","2","00:08:37","0"
"85","166","2","00:08:55","1"
"85","166","3","00:18:36","0"
"85","168","1","00:00:00","1"
"85","170","1","00:00:00","1"
"85","170","3","00:16:55","0"
"85","172","1","00:00:00","1"
"85","175","1","00:00:00","1"
"85","175","3","00:18:42","0"
"85","188","1","00:00:00","1"
"85","222","1","00:00:00","1"
"85","222","1","00:09:52","0"
"85","222","1","00:09:56","1"
"85","232","1","00:00:00","1"
"85","238","1","00:00:00","1"
"85","241","1","00:00:00","1"
"85","241","2","00:20:00","0"
"85","248","1","00:00:00","1"
"85","248","3","00:18:10","0"
"85","248","3","00:18:26","1"
"85","248","3","00:18:35","0"
"85","248","3","00:19:53","1"
"85","263","1","00:00:00","1"
"85","334","1","00:00:00","1"
"113","74","1","00:00:00","1"
"113","101","1","00:00:00","1"
"113","101","2","00:13:38","0"
"121","77","1","00:00:00","1"
"121","77","2","00:07:14","0"
"121","102","2","00:12:14","1"
"122","75","2","00:13:44","1"
"122","80","1","00:00:00","1"
"123","6","1","00:00:00","1"
"123","12","1","00:00:00","1"
"123","23","1","00:00:00","1"
"123","23","3","00:18:42","0"
"123","23","3","00:19:07","1"
"123","28","1","00:00:00","1"
"123","33","1","00:00:00","1"
"123","33","3","00:18:10","0"
"123","43","1","00:00:00","1"
"123","44","1","00:00:00","1"
"123","51","1","00:00:00","1"
"123","58","1","00:00:00","1"
"123","58","3","00:19:25","0"
"123","63","1","00:00:00","1"
"123","63","3","00:16:26","0"
"123","63","3","00:17:55","1"
"123","77","2","00:07:14","1"
"123","86","1","00:00:00","1"
"123","86","3","00:19:22","0"
"123","86","3","00:19:50","1"
"123","88","1","00:00:00","1"
"123","88","1","00:08:32","0"
"123","88","1","00:08:37","1"
"123","88","2","00:09:02","0"
"123","88","2","00:09:09","1"
"123","90","1","00:00:00","1"
"123","92","1","00:00:00","1"
"123","94","1","00:00:00","1"
"123","94","3","00:18:25","0"
"123","100","1","00:00:00","1"
"123","100","3","00:00:00","0"
"123","109","1","00:00:00","1"
"123","111","1","00:00:00","1"
"123","115","1","00:00:00","1"
"123","119","1","00:00:00","1"
"123","126","1","00:00:00","1"
"123","126","1","00:15:15","0"
"123","126","1","00:15:30","1"
"123","130","1","00:00:00","1"
"123","132","1","00:00:00","1"
"123","132","3","00:18:51","0"
"123","136","1","00:00:00","1"
"123","142","1","00:00:00","1"
"123","144","2","00:08:11","1"
"123","147","1","00:00:00","1"
"123","147","3","00:18:09","0"
"123","147","3","00:18:46","1"
"123","147","3","00:19:04","0"
"123","147","3","00:19:51","1"
"123","149","1","00:00:00","1"
"123","149","1","00:11:03","0"
"123","149","1","00:11:07","1"
"123","153","1","00:00:00","1"
"123","153","3","00:18:35","0"
"123","156","1","00:00:00","1"
"123","156","1","00:16:30","0"
"123","156","1","00:16:34","1"
"123","156","2","00:09:59","0"
"123","156","2","00:10:07","1"
"123","160","1","00:00:00","1"
"123","160","3","00:18:55","0"
"123","168","1","00:00:00","1"
"123","175","1","00:00:00","1"
"123","175","1","00:04:54","0"
"123","175","1","00:04:57","1"
"123","181","1","00:00:00","1"
"123","181","1","00:08:02","0"
"123","181","1","00:08:18","1"
"123","186","1","00:00:00","1"
"123","196","1","00:00:00","1"
"123","203","1","00:00:00","1"
"123","207","1","00:00:00","1"
"123","207","3","00:18:24","0"
"123","207","3","00:19:44","1"
"123","208","1","00:00:00","1"
"123","208","5","00:08:08","0"
"123","208","5","00:08:37","1"
"123","209","1","00:00:00","1"
"123","210","1","00:00:00","1"
"123","210","3","00:18:48","0"
"123","225","1","00:00:00","1"
"123","239","1","00:00:00","1"
"123","244","1","00:00:00","1"
"123","247","1","00:00:00","1"
"123","252","1","00:00:00","1"
"123","265","1","00:00:00","1"
"123","270","1","00:00:00","1"
"123","331","1","00:00:00","1"
"123","331","2","00:20:00","0"
"134","100","3","00:00:00","1"
"134","100","3","00:17:26","0"
"134","100","3","00:18:52","1"
"134","100","3","00:19:20","0"
"134","100","3","00:19:55","1"
"134","189","1","00:00:00","1"
"134","189","3","00:15:29","0"
"134","189","3","00:15:30","1"
"134","189","3","00:18:29","0"
"134","189","3","00:18:51","1"
"134","204","1","00:00:00","1"
"134","333","3","00:00:00","1"
"134","335","1","00:00:00","1"
"134","335","1","00:20:00","0"
"134","335","3","00:00:00","1"
"145","82","1","00:00:00","1"
"154","61","3","00:05:29","1"
"154","73","1","00:00:00","1"
"154","81","1","00:00:00","1"
"155","2","1","00:00:00","1"
"155","9","1","00:00:00","1"
"155","12","1","00:00:00","1"
"155","12","2","00:08:40","0"
"155","12","2","00:08:48","1"
"155","16","1","00:00:00","1"
"155","21","1","00:00:00","1"
"155","21","3","00:17:52","0"
"155","26","1","00:00:00","1"
"155","32","1","00:00:00","1"
"155","36","1","00:00:00","1"
"155","36","3","00:19:15","0"
"155","36","3","00:19:53","1"
"155","43","1","00:00:00","1"
"155","43","3","00:16:40","0"
"155","43","3","00:19:28","1"
"155","46","1","00:00:00","1"
"155","46","3","00:18:15","0"
"155","51","1","00:00:00","1"
"155","56","1","00:00:00","1"
"155","60","1","00:00:00","1"
"155","60","3","00:05:04","0"
"155","60","3","00:06:32","1"
"155","60","3","00:16:09","0"
"155","60","3","00:18:37","1"
"155","68","1","00:00:00","1"
"155","68","3","00:18:44","0"
"155","68","3","00:19:08","1"
"155","68","3","00:19:31","0"
"155","71","1","00:00:00","1"
"155","79","1","00:00:00","1"
"155","102","1","00:00:00","1"
"155","107","1","00:00:00","1"
"155","110","1","00:00:00","1"
"155","110","1","00:03:56","0"
"155","110","1","00:03:57","1"
"155","112","1","00:00:00","1"
"155","112","3","00:18:33","0"
"155","112","3","00:19:08","1"
"155","112","3","00:19:17","0"
"155","114","1","00:00:00","1"
"155","120","1","00:00:00","1"
"155","120","1","00:14:46","0"
"155","120","1","00:14:52","1"
"155","120","3","00:17:25","0"
"155","120","3","00:17:58","1"
"155","120","3","00:18:25","0"
"155","124","1","00:00:00","1"
"155","128","1","00:00:00","1"
"155","130","1","00:00:00","1"
"155","130","3","00:16:39","0"
"155","130","3","00:18:59","1"
"155","139","1","00:00:00","1"
"155","139","3","00:17:35","0"
"155","139","3","00:17:59","1"
"155","143","1","00:00:00","1"
"155","146","1","00:00:00","1"
"155","146","1","00:20:00","0"
"155","150","1","00:00:00","1"
"155","155","1","00:00:00","1"
"155","161","1","00:00:00","1"
"155","164","1","00:00:00","1"
"155","164","1","00:16:44","0"
"155","164","1","00:16:45","1"
"155","164","3","00:19:00","0"
"155","165","1","00:00:00","1"
"155","165","3","00:14:46","0"
"155","165","3","00:19:44","1"
"155","170","1","00:00:00","1"
"155","177","1","00:00:00","1"
"155","177","3","00:17:37","0"
"155","177","3","00:18:21","1"
"155","177","3","00:18:30","0"
"155","177","3","00:19:33","1"
"155","177","3","00:19:48","0"
"155","183","1","00:00:00","1"
"155","186","1","00:00:00","1"
"155","211","1","00:00:00","1"
"155","211","4","00:01:36","0"
"155","216","1","00:00:00","1"
"155","234","1","00:00:00","1"
"155","245","1","00:00:00","1"
"155","250","1","00:00:00","1"
"155","250","3","00:18:47","0"
"155","259","1","00:00:00","1"
"155","261","1","00:00:00","1"
"155","268","1","00:00:00","1"
"155","333","1","00:00:00","1"
"155","333","3","00:00:00","0"
"166","80","1","00:00:00","1"
"166","103","3","00:00:00","1"
"166","330","3","00:00:00","1"
"166","331","3","00:00:00","1"
"166","331","3","00:20:00","0"
"186","99","1","00:00:00","1"
"186","99","2","00:10:23","0"
"186","101","2","00:13:38","1"
"186","147","2","00:00:00","1"
"186","187","1","00:00:00","1"
"186","187","2","00:17:06","0"
"186","187","2","00:18:13","1"
"186","190","1","00:00:00","1"
"186","190","3","00:09:36","0"
"186","190","3","00:09:49","1"
"193","100","3","00:00:00","1"
"193","124","1","00:00:00","1"
"197","332","1","00:00:00","1"
"197","332","2","00:13:57","0"
"211","100","1","00:00:00","1"
"211","100","3","00:00:00","0"
"211","114","3","00:00:00","1"
"211","114","3","00:19:45","0"
"211","116","1","00:00:00","1"
"211","118","1","00:00:00","1"
"211","122","1","00:00:00","1"
"211","122","3","00:11:36","0"
"211","122","3","00:11:51","1"
"211","122","3","00:19:43","0"
"211","136","1","00:00:00","1"
"211","140","1","00:00:00","1"
"211","142","1","00:00:00","1"
"211","169","3","00:00:00","1"
"211","177","1","00:00:00","1"
"211","178","1","00:00:00","1"
"211","210","1","00:00:00","1"
"211","210","2","00:03:23","0"
"211","210","2","00:03:30","1"
"211","210","3","00:15:30","0"
"211","210","3","00:15:48","1"
"211","218","1","00:00:00","1"
"211","218","3","00:17:45","0"
"211","218","3","00:19:39","1"
"211","224","1","00:00:00","1"
"211","224","3","00:17:50","0"
"211","227","1","00:00:00","1"
"211","235","1","00:00:00","1"
"211","241","3","00:00:00","1"
"211","241","3","00:14:15","0"
"211","241","3","00:16:43","1"
"211","245","1","00:00:00","1"
"211","255","1","00:00:00","1"
"211","255","3","00:17:16","0"
"211","255","3","00:18:18","1"
"211","255","3","00:18:47","0"
"211","257","1","00:00:00","1"
"211","261","1","00:00:00","1"
"211","267","1","00:00:00","1"
"211","336","1","00:00:00","1"
"216","334","2","00:10:22","1"
"222","103","1","00:00:00","1"
"222","103","3","00:16:08","0"
"222","103","3","00:19:42","1"
"222","115","1","00:00:00","1"
"222","115","3","00:16:30","0"
"222","115","3","00:18:19","1"
"222","127","1","00:00:00","1"
"222","132","1","00:00:00","1"
"222","137","1","00:00:00","1"
"222","137","2","00:10:12","0"
"222","152","1","00:00:00","1"
"222","160","3","00:11:05","1"
"222","162","1","00:00:00","1"
"222","162","3","00:17:59","0"
"222","162","3","00:18:10","1"
"222","162","3","00:18:35","0"
"222","162","3","00:19:11","1"
"222","165","1","00:00:00","1"
"222","165","1","00:13:35","0"
"222","165","1","00:13:38","1"
"222","167","1","00:00:00","1"
"222","167","3","00:17:09","0"
"222","167","3","00:17:58","1"
"222","171","1","00:00:00","1"
"222","181","2","00:00:00","1"
"222","181","3","00:15:59","0"
"222","185","1","00:00:00","1"
"222","188","1","00:00:00","1"
"222","191","1","00:00:00","1"
"222","191","3","00:17:46","0"
"222","191","3","00:19:26","1"
"222","197","1","00:00:00","1"
"222","199","1","00:00:00","1"
"222","199","3","00:18:18","0"
"222","199","3","00:19:18","1"
"222","200","1","00:00:00","1"
"222","201","1","00:00:00","1"
"222","206","1","00:00:00","1"
"222","207","1","00:00:00","1"
"222","208","1","00:00:00","1"
"222","208","2","00:08:04","0"
"222","208","2","00:08:06","1"
"222","208","3","00:06:28","0"
"222","208","3","00:06:32","1"
"222","209","1","00:00:00","1"
"222","209","1","00:11:55","0"
"222","209","1","00:12:05","1"
"222","212","1","00:00:00","1"
"222","212","3","00:17:10","0"
"222","215","1","00:00:00","1"
"222","219","1","00:00:00","1"
"222","219","3","00:16:46","0"
"222","219","3","00:18:31","1"
"222","222","1","00:00:00","1"
"222","222","3","00:18:16","0"
"222","222","3","00:19:20","1"
"222","226","1","00:00:00","1"
"222","226","3","00:18:33","0"
"222","233","1","00:00:00","1"
"222","233","2","00:11:45","0"
"222","233","2","00:11:48","1"
"222","235","1","00:00:00","1"
"222","237","1","00:00:00","1"
"222","244","1","00:00:00","1"
"222","249","1","00:00:00","1"
"222","254","1","00:00:00","1"
"222","254","1","00:05:08","0"
"222","254","1","00:05:11","1"
"222","254","3","00:19:07","0"
"222","260","1","00:00:00","1"
"222","264","1","00:00:00","1"
"222","264","1","00:08:57","0"
"222","264","1","00:09:02","1"
"222","264","3","00:17:50","0"
"222","264","3","00:19:21","1"
"222","268","1","00:00:00","1"
"222","336","1","00:00:00","1"
"222","336","2","00:10:57","0"
"228","104","1","00:00:00","1"
"228","104","2","00:10:45","0"
"228","117","2","00:00:00","1"
"228","125","1","00:00:00","1"
"228","125","3","00:00:19","0"
"228","125","3","00:00:21","1"
"228","125","3","00:18:17","0"
"228","135","1","00:00:00","1"
"228","141","1","00:00:00","1"
"228","141","3","00:17:39","0"
"228","146","2","00:00:00","1"
"228","148","1","00:00:00","1"
"228","148","3","00:17:36","0"
"228","148","3","00:17:45","1"
"228","157","1","00:00:00","1"
"228","157","3","00:16:34","0"
"228","157","3","00:17:39","1"
"228","157","3","00:18:09","0"
"228","157","3","00:19:52","1"
"228","167","1","00:00:00","1"
"228","179","1","00:00:00","1"
"228","189","1","00:00:00","1"
"228","212","1","00:00:00","1"
"228","214","1","00:00:00","1"
"228","214","2","00:19:54","0"
"228","214","2","00:19:57","1"
"228","214","3","00:15:39","0"
"228","214","3","00:19:50","1"
"228","217","1","00:00:00","1"
"228","221","1","00:00:00","1"
"228","223","1","00:00:00","1"
"228","228","1","00:00:00","1"
"228","228","3","00:17:30","0"
"228","232","1","00:00:00","1"
"228","232","3","00:17:55","0"
"228","232","3","00:18:22","1"
"228","232","3","00:18:48","0"
"228","240","1","00:00:00","1"
"228","242","1","00:00:00","1"
"228","243","1","00:00:00","1"
"228","243","1","00:05:44","0"
"228","243","1","00:05:49","1"
"228","248","1","00:00:00","1"
"228","256","1","00:00:00","1"
"228","258","1","00:00:00","1"
"228","265","1","00:00:00","1"
"228","265","3","00:16:56","0"
"228","265","3","00:17:15","1"
"228","269","1","00:00:00","1"
"228","269","2","00:09:02","0"
"228","269","2","00:09:07","1"
"228","331","1","00:00:00","1"
"238","229","1","00:00:00","1"
"238","251","1","00:00:00","1"
"238","251","3","00:04:16","0"
"238","251","3","00:04:21","1"
"238","251","3","00:12:59","0"
"238","251","3","00:13:17","1"
"238","334","1","00:00:00","1"
"238","334","2","00:10:22","0"
"262","337","1","00:00:00","1"
"262","337","3","00:17:07","0"
"262","337","3","00:19:13","1"
"262","337","3","00:19:17","0"
"270","332","2","00:13:57","1"
"278","330","1","00:00:00","1"
"282","260","1","00:00:00","1"
"282","260","3","00:18:12","0"
"282","260","3","00:18:24","1"
"290","336","2","00:10:57","1"
"290","336","3","00:17:46","0"
